listing_id,property_id,agent_employee_id,listing_type,listing_price,listing_status,list_date,end_date
1,3,67,sale,736058,pending,2021-06-22,
2,4,66,sale,588373,active,2024-04-10,
3,5,56,sale,1117519,active,2023-05-23,
4,6,4,sale,1991987,cancelled,2023-10-16,2024-02-08
5,7,46,rent,6956,closed,2022-04-24,2022-05-31
6,8,66,sale,1216895,pending,2022-08-27,
7,9,30,rent,12085,pending,2021-06-10,
8,10,26,sale,1434765,closed,2021-05-27,2021-10-31
9,11,25,sale,1535169,closed,2022-11-06,2023-02-02
10,14,34,rent,9578,cancelled,2021-10-10,2022-03-16
11,15,45,sale,546792,active,2022-09-06,
12,16,2,sale,998133,cancelled,2023-04-08,2023-09-21
13,17,51,rent,6054,closed,2023-11-16,2024-01-11
14,21,71,rent,4838,cancelled,2022-03-06,2022-08-03
15,22,11,sale,1405932,pending,2023-08-03,
16,23,27,rent,10212,closed,2022-01-20,2022-05-24
17,24,18,sale,748119,pending,2024-02-18,
18,25,64,rent,8274,closed,2021-09-20,2021-10-10
19,26,55,sale,927130,closed,2022-12-28,2023-05-02
20,27,69,sale,976093,active,2023-04-07,
21,29,18,rent,5906,closed,2024-04-17,2024-05-13
22,30,51,sale,1348250,pending,2022-11-08,
23,34,69,sale,2809034,closed,2022-02-23,2022-03-29
24,35,58,rent,6403,active,2023-08-31,
25,36,14,rent,3979,pending,2022-09-16,
26,37,63,rent,4352,cancelled,2021-12-30,2022-06-20
27,38,50,sale,844287,pending,2022-02-12,
28,40,68,rent,13083,pending,2022-04-23,
29,41,2,sale,2479137,pending,2021-04-28,
30,42,17,sale,953291,closed,2023-04-22,2023-06-07
31,43,27,rent,18184,closed,2023-09-07,2024-01-02
32,44,61,sale,553444,active,2022-02-26,
33,45,26,sale,1312271,active,2024-03-23,
34,46,1,sale,792992,pending,2023-07-29,
35,47,32,sale,1123192,closed,2023-07-02,2023-10-30
36,48,59,rent,6185,pending,2024-03-11,
37,49,59,sale,2427004,closed,2021-03-22,2021-06-21
38,50,23,sale,983821,pending,2022-09-02,
39,51,56,rent,4054,pending,2022-01-03,
40,52,51,sale,933522,cancelled,2022-01-11,2022-02-22
41,54,36,sale,1517150,closed,2021-03-31,2021-05-28
42,55,9,rent,10427,pending,2024-01-07,
43,56,53,sale,988349,active,2022-03-21,
44,57,10,rent,9057,closed,2024-02-07,2024-05-29
45,58,42,rent,13360,pending,2023-10-31,
46,59,6,sale,1383975,closed,2021-12-04,2022-04-30
47,60,60,rent,6241,pending,2021-05-30,
48,61,5,rent,7540,closed,2023-03-29,2023-07-26
49,62,42,rent,12068,closed,2021-08-23,2021-10-14
50,63,11,sale,2505877,closed,2023-08-09,2023-09-13
51,64,18,sale,2055152,closed,2022-05-12,2022-09-19
52,65,3,sale,2620133,closed,2022-07-26,2022-09-25
53,66,51,rent,6707,closed,2021-12-29,2022-06-01
54,67,57,sale,1173906,cancelled,2021-01-23,2021-03-21
55,68,69,sale,2119840,pending,2022-03-20,
56,69,14,sale,1174628,closed,2021-04-08,2021-09-06
57,70,1,sale,1320078,closed,2022-09-24,2023-03-14
58,73,48,sale,1310636,closed,2023-02-12,2023-05-04
59,74,54,rent,8519,active,2022-02-14,
60,75,25,sale,941853,active,2021-01-30,
61,76,13,sale,1650160,pending,2021-05-10,
62,77,6,sale,1625778,pending,2021-12-10,
63,79,72,rent,7638,closed,2021-08-09,2021-11-17
64,80,51,sale,2642887,closed,2024-07-03,2024-12-06
65,81,46,rent,7732,closed,2021-09-05,2021-10-20
66,83,2,sale,643864,closed,2021-01-31,2021-05-09
67,84,48,sale,371829,closed,2023-07-29,2023-10-26
68,85,64,rent,6851,cancelled,2022-03-24,2022-09-11
69,86,22,rent,4393,closed,2021-07-28,2022-01-07
70,87,50,rent,10121,closed,2021-07-14,2022-01-09
71,88,41,rent,8226,closed,2021-09-30,2022-03-29
72,89,58,sale,656897,closed,2023-09-15,2023-10-07
73,92,65,sale,606516,active,2024-08-04,
74,93,16,sale,2391566,closed,2021-01-28,2021-07-22
75,94,11,rent,11178,active,2023-05-28,
76,95,20,sale,2375092,closed,2023-02-07,2023-04-17
77,96,57,rent,7308,pending,2024-08-07,
78,97,6,rent,4891,closed,2022-11-05,2023-02-12
79,98,4,rent,17528,closed,2023-04-30,2023-07-30
80,100,70,sale,1652934,cancelled,2022-11-10,2023-01-19
81,101,29,rent,8760,pending,2022-05-24,
82,103,57,rent,6857,closed,2023-02-21,2023-04-26
83,105,9,rent,9208,pending,2021-05-13,
84,107,27,rent,7385,closed,2021-04-17,2021-06-10
85,108,31,sale,2248507,closed,2021-12-22,2022-03-02
86,109,22,sale,963986,closed,2023-05-23,2023-08-28
87,110,32,sale,2582628,active,2022-05-17,
88,111,26,sale,811418,closed,2024-03-26,2024-09-22
89,112,51,rent,9305,cancelled,2023-09-13,2024-01-01
90,113,65,sale,1136940,pending,2023-08-23,
91,114,3,rent,9892,closed,2023-06-07,2023-10-26
92,115,69,sale,1457225,closed,2023-05-26,2023-08-28
93,116,60,sale,885757,active,2021-12-26,
94,117,62,sale,1478890,active,2022-08-04,
95,120,20,sale,1427775,closed,2021-10-07,2021-12-14
96,121,48,sale,1800416,cancelled,2021-01-09,2021-06-04
97,122,50,sale,1120686,closed,2023-05-02,2023-08-23
98,123,53,sale,1745483,closed,2024-08-05,2024-09-10
99,124,21,rent,6834,closed,2021-09-12,2022-02-21
100,125,45,rent,10378,pending,2023-06-13,
101,126,8,sale,1191695,cancelled,2023-09-28,2024-01-18
102,127,62,sale,959157,closed,2023-05-19,2023-08-07
103,128,4,sale,1084808,pending,2023-01-11,
104,130,59,sale,1205790,closed,2024-08-14,2025-02-02
105,131,21,rent,6623,pending,2021-10-29,
106,132,51,rent,11629,closed,2021-07-09,2021-11-02
107,133,55,sale,1961489,closed,2021-06-14,2021-08-19
108,134,65,sale,965165,closed,2023-05-25,2023-08-28
109,136,12,rent,14121,closed,2023-02-23,2023-06-26
110,137,45,sale,1024948,active,2024-03-18,
111,138,40,sale,2191241,closed,2022-07-05,2022-11-01
112,140,13,rent,9609,closed,2021-12-11,2021-12-29
113,142,56,rent,8314,closed,2023-05-06,2023-08-05
114,144,26,rent,7314,closed,2023-02-07,2023-03-31
115,145,28,rent,15580,closed,2023-10-27,2024-03-08
116,146,34,sale,978513,closed,2021-05-01,2021-07-07
117,148,14,rent,12436,closed,2023-04-18,2023-10-12
118,149,49,rent,9713,closed,2021-12-07,2022-01-15
119,150,31,sale,1238681,cancelled,2021-05-12,2021-10-26
120,151,35,sale,919057,pending,2021-07-26,
121,152,13,sale,1027817,closed,2021-01-15,2021-02-12
122,153,35,rent,13154,cancelled,2021-01-15,2021-06-15
123,154,55,sale,746829,closed,2023-08-28,2024-02-16
124,155,31,rent,14110,pending,2022-12-04,
125,156,46,sale,2554628,closed,2023-03-28,2023-04-29
126,157,18,rent,10197,closed,2021-07-25,2021-11-22
127,159,36,sale,2269059,active,2021-09-09,
128,160,61,sale,1406178,cancelled,2022-05-25,2022-11-17
129,161,3,sale,1771647,closed,2022-01-20,2022-04-30
130,162,57,sale,1424878,closed,2021-04-04,2021-07-14
131,164,11,sale,1143321,closed,2023-09-20,2024-03-12
132,165,13,sale,2465348,pending,2023-09-03,
133,166,67,sale,2470037,closed,2022-08-25,2022-10-18
134,167,64,rent,11002,active,2023-10-31,
135,168,71,sale,935929,pending,2022-09-10,
136,169,15,sale,1381995,cancelled,2023-08-15,2023-12-25
137,171,22,sale,1721877,closed,2024-01-13,2024-03-25
138,173,21,sale,609803,closed,2021-07-03,2021-07-28
139,174,29,rent,5001,cancelled,2022-10-31,2023-01-28
140,175,18,sale,940082,closed,2023-09-03,2023-10-22
141,178,43,sale,994079,closed,2024-07-21,2024-08-31
142,179,9,sale,1702298,active,2024-03-25,
143,180,49,rent,5971,active,2023-02-12,
144,181,30,sale,1139471,closed,2024-02-25,2024-07-03
145,182,12,sale,2376400,closed,2021-08-25,2021-10-10
146,183,15,sale,1166156,active,2024-04-27,
147,184,1,sale,2669362,closed,2021-09-18,2022-01-11
148,185,55,sale,726625,closed,2024-04-23,2024-08-18
149,186,17,sale,976560,pending,2023-01-18,
150,187,51,sale,2162306,closed,2024-05-17,2024-07-01
151,188,29,rent,10024,closed,2023-08-02,2023-11-03
152,189,19,sale,1465745,cancelled,2023-07-23,2023-10-21
153,190,40,rent,10159,active,2021-03-12,
154,192,62,sale,1753727,closed,2021-09-10,2022-02-21
155,194,8,sale,610453,closed,2022-03-18,2022-07-10
156,195,27,sale,1384422,pending,2022-11-14,
157,196,23,rent,5836,closed,2022-04-06,2022-05-07
158,197,3,rent,9615,closed,2023-03-14,2023-05-11
159,199,45,sale,2038753,cancelled,2022-11-23,2023-04-11
160,202,37,sale,607580,closed,2023-03-12,2023-06-10
161,203,71,sale,926222,pending,2022-02-04,
162,204,7,rent,6138,closed,2021-09-26,2022-03-11
163,205,18,rent,5489,closed,2022-09-15,2022-11-13
164,206,19,rent,3446,active,2023-09-16,
165,207,2,sale,1246106,active,2022-02-05,
166,208,19,sale,1344887,active,2024-03-24,
167,209,22,sale,581362,pending,2023-05-25,
168,212,23,sale,881814,cancelled,2021-07-16,2021-12-02
169,213,56,sale,1525536,closed,2021-08-29,2021-12-11
170,214,5,rent,11163,closed,2024-07-08,2024-09-26
171,215,23,sale,1214233,closed,2023-03-24,2023-09-10
172,216,60,sale,1418044,closed,2023-02-08,2023-03-20
173,217,57,rent,11811,active,2024-08-24,
174,218,63,rent,4546,closed,2021-09-03,2021-10-22
175,219,62,sale,1163915,closed,2023-11-10,2024-04-26
176,220,24,sale,982013,active,2021-07-13,
177,221,39,sale,2109239,pending,2024-08-13,
178,222,69,rent,8554,pending,2021-07-23,
179,223,68,sale,2307997,closed,2021-02-10,2021-07-15
180,224,16,rent,17863,closed,2023-11-29,2024-05-02
181,225,24,rent,12557,closed,2022-03-01,2022-04-18
182,227,58,sale,797962,pending,2022-01-04,
183,229,27,sale,1880572,closed,2021-09-09,2022-02-21
184,230,5,sale,1530466,pending,2021-06-29,
185,231,70,sale,2439440,closed,2021-09-13,2022-01-02
186,232,67,sale,1956159,closed,2021-01-01,2021-01-30
187,233,18,rent,6431,closed,2022-08-24,2023-01-02
188,235,69,sale,1446451,cancelled,2022-10-03,2023-01-19
189,236,6,sale,1463406,active,2021-07-22,
190,237,18,rent,14212,closed,2022-01-21,2022-04-04
191,238,36,sale,985465,active,2022-03-19,
192,239,33,rent,4259,closed,2024-06-28,2024-12-03
193,240,59,rent,5160,closed,2024-08-23,2024-12-21
194,241,69,rent,6579,closed,2022-06-05,2022-07-29
195,242,25,rent,7041,cancelled,2024-07-13,2025-01-09
196,243,66,rent,16802,active,2024-02-29,
197,244,56,rent,8680,closed,2023-05-10,2023-08-16
198,245,16,sale,715142,closed,2024-05-21,2024-08-16
199,246,43,sale,1586326,pending,2024-01-29,
200,247,19,sale,1228327,cancelled,2023-01-14,2023-04-11
201,249,49,rent,5484,closed,2022-04-08,2022-05-21
202,250,16,rent,10374,closed,2022-04-01,2022-05-15
203,251,63,sale,1666210,active,2022-09-20,
204,252,37,sale,1364323,active,2022-12-16,
205,253,22,sale,1546727,closed,2024-05-29,2024-06-28
206,254,69,sale,1583257,pending,2023-03-09,
207,255,34,rent,4724,closed,2023-04-05,2023-05-25
208,256,19,sale,971950,cancelled,2023-11-18,2024-01-07
209,258,32,rent,4369,closed,2022-07-02,2022-10-22
210,259,24,sale,758383,pending,2023-05-07,
211,260,37,rent,4139,closed,2022-12-26,2023-05-21
212,261,30,rent,7300,pending,2023-05-27,
213,262,41,rent,10635,closed,2021-06-28,2021-10-28
214,263,31,rent,8145,pending,2024-07-23,
215,264,37,rent,17284,closed,2021-12-05,2022-01-13
216,265,55,rent,21546,closed,2023-10-07,2023-10-27
217,266,66,rent,5423,active,2021-10-07,
218,267,52,rent,7704,active,2023-12-27,
219,268,55,rent,15771,closed,2022-01-25,2022-02-13
220,269,68,sale,768345,active,2022-12-08,
221,270,68,rent,12482,cancelled,2021-03-28,2021-05-28
222,271,18,rent,6166,active,2021-12-25,
223,272,49,sale,1034166,pending,2021-04-15,
224,273,32,sale,1528361,pending,2021-08-20,
225,274,38,rent,7861,cancelled,2021-08-30,2022-01-18
226,276,51,sale,1741044,active,2021-01-05,
227,277,66,sale,1451706,active,2022-09-17,
228,280,63,sale,1094259,active,2021-03-14,
229,281,39,rent,6623,closed,2021-01-13,2021-04-25
230,282,52,sale,1135699,closed,2021-01-11,2021-03-17
231,283,11,sale,1094371,closed,2021-07-27,2021-10-03
232,284,1,sale,1105263,closed,2021-11-11,2022-04-02
233,285,51,rent,14409,pending,2022-05-28,
234,287,69,rent,8637,cancelled,2023-01-17,2023-03-22
235,288,21,rent,9448,closed,2021-08-11,2021-12-19
236,289,15,sale,2205009,closed,2023-06-08,2023-08-15
237,290,54,rent,8010,pending,2021-03-24,
238,292,62,sale,836612,closed,2021-03-06,2021-05-13
239,293,63,rent,5346,active,2022-06-29,
240,294,65,sale,1269440,closed,2021-09-18,2022-01-16
241,295,14,sale,830173,active,2023-03-08,
242,297,2,rent,5167,closed,2021-09-16,2022-02-09
243,298,44,sale,1111637,pending,2022-04-30,
244,299,62,sale,1102206,closed,2024-05-07,2024-09-13
245,300,32,sale,2445619,closed,2023-09-23,2024-01-28
246,301,15,sale,1248181,closed,2023-11-14,2024-02-11
247,303,26,rent,3563,closed,2022-05-22,2022-09-26
248,305,65,sale,1121592,active,2021-07-31,
249,306,20,sale,1533866,closed,2022-01-22,2022-07-10
250,307,25,rent,6629,closed,2021-09-28,2021-12-25
251,308,12,sale,1768819,cancelled,2023-05-24,2023-08-01
252,309,30,sale,1781904,closed,2023-02-18,2023-05-25
253,310,66,sale,529599,pending,2023-05-23,
254,313,35,rent,7146,active,2021-04-16,
255,314,41,rent,9728,closed,2022-12-20,2023-03-11
256,315,42,sale,2384634,closed,2022-01-08,2022-02-08
257,316,13,rent,10576,active,2023-08-25,
258,317,47,sale,952965,active,2022-06-01,
259,318,71,rent,4683,closed,2021-08-17,2021-09-07
260,319,47,sale,1563279,pending,2021-09-24,
261,320,48,sale,1034630,pending,2024-04-21,
262,321,12,sale,2329260,closed,2022-07-20,2022-11-13
263,322,16,rent,13149,pending,2021-09-25,
264,323,25,rent,5876,active,2024-09-02,
265,324,44,sale,1165146,closed,2021-07-22,2021-12-26
266,325,69,sale,889358,closed,2023-08-30,2023-11-07
267,327,71,rent,5059,closed,2021-03-31,2021-08-03
268,328,58,sale,1672791,closed,2024-02-22,2024-06-12
269,329,62,sale,1462507,closed,2021-08-29,2021-10-03
270,330,22,sale,987398,active,2023-10-29,
271,331,8,rent,9149,closed,2021-09-22,2022-03-03
272,332,51,sale,1205726,active,2022-01-25,
273,333,10,rent,9193,pending,2023-12-27,
274,334,52,sale,1844027,closed,2023-11-10,2024-03-06
275,335,28,sale,1329168,closed,2022-02-28,2022-04-27
276,336,66,sale,2195651,pending,2021-01-19,
277,337,29,sale,1206932,active,2023-12-12,
278,338,29,rent,12079,closed,2022-07-04,2022-09-03
279,340,19,rent,4464,pending,2022-05-03,
280,341,7,rent,5731,closed,2022-07-23,2022-10-18
281,342,27,sale,1240599,pending,2022-05-25,
282,343,48,rent,12089,closed,2021-01-03,2021-07-01
283,344,53,sale,1288946,closed,2024-01-30,2024-03-22
284,346,2,rent,6188,closed,2022-08-27,2022-09-28
285,347,23,rent,6432,closed,2022-03-26,2022-06-23
286,348,14,sale,1451076,pending,2021-02-02,
287,349,71,rent,5611,closed,2023-02-22,2023-05-16
288,351,35,sale,929752,pending,2023-06-25,
289,352,20,rent,6228,cancelled,2024-07-13,2024-11-09
290,354,12,sale,1115864,closed,2023-06-08,2023-10-26
291,355,25,sale,833450,closed,2023-07-30,2023-10-01
292,356,40,sale,1519141,closed,2022-01-05,2022-01-28
293,357,25,sale,2024180,active,2021-12-30,
294,358,59,sale,1070296,active,2021-05-28,
295,359,18,rent,5739,closed,2023-04-05,2023-09-04
296,360,50,sale,2087826,closed,2021-01-25,2021-05-19
297,361,17,rent,11728,closed,2021-01-28,2021-02-26
298,363,2,sale,1267290,closed,2021-06-21,2021-12-16
299,364,14,sale,1568775,pending,2021-01-20,
300,365,26,sale,2871079,closed,2022-11-25,2023-01-03
301,366,40,sale,800527,cancelled,2024-02-27,2024-04-26
302,367,35,sale,448722,closed,2021-11-13,2022-04-19
303,368,14,sale,806533,closed,2021-09-10,2021-10-09
304,369,19,rent,5595,closed,2021-07-30,2021-12-01
305,370,50,sale,1689753,closed,2022-04-05,2022-08-10
306,371,15,sale,1188549,cancelled,2022-08-11,2022-12-05
307,372,46,rent,11376,closed,2021-08-14,2021-11-12
308,373,6,rent,6672,closed,2022-11-15,2022-12-24
309,374,43,sale,1821620,pending,2021-12-31,
310,375,39,rent,5987,pending,2023-05-21,
311,376,35,sale,2096361,closed,2022-08-11,2022-09-24
312,377,1,sale,1207659,closed,2023-01-26,2023-03-04
313,379,19,rent,7269,active,2021-11-01,
314,380,62,rent,7050,pending,2023-03-11,
315,381,36,rent,8306,active,2021-08-20,
316,382,50,sale,1738405,cancelled,2022-10-24,2022-12-27
317,383,53,rent,4659,active,2023-10-10,
318,384,32,sale,1072225,pending,2024-07-27,
319,386,64,sale,839477,closed,2024-01-31,2024-07-03
320,387,54,sale,1385602,pending,2022-04-17,
321,390,31,sale,2821661,pending,2022-03-26,
322,391,47,rent,18218,closed,2022-02-21,2022-03-15
323,392,45,sale,484695,closed,2021-10-01,2021-11-03
324,393,19,sale,1899950,active,2021-10-13,
325,394,54,sale,2459634,active,2024-02-04,
326,395,16,sale,915812,cancelled,2022-04-05,2022-05-28
327,397,4,sale,1611076,active,2021-10-21,
328,398,14,sale,2630506,active,2023-05-20,
329,400,21,rent,15090,closed,2021-06-01,2021-11-18
330,402,10,rent,12066,cancelled,2023-01-19,2023-04-09
331,403,61,rent,4330,closed,2023-05-03,2023-07-06
332,405,61,sale,2458699,closed,2023-12-17,2024-03-20
333,406,37,rent,4494,closed,2022-11-22,2022-12-13
334,407,23,sale,1231529,cancelled,2021-05-03,2021-05-29
335,408,59,rent,14451,cancelled,2021-01-23,2021-05-29
336,409,65,sale,1298928,active,2022-06-13,
337,410,35,sale,995780,cancelled,2022-04-11,2022-06-08
338,411,28,rent,14913,closed,2023-12-05,2024-01-24
339,413,72,rent,11199,closed,2021-04-25,2021-06-29
340,414,62,sale,1434360,cancelled,2021-06-08,2021-10-23
341,416,49,sale,1437204,pending,2024-08-07,
342,417,25,sale,1944545,pending,2023-01-31,
343,418,43,rent,5808,closed,2021-08-02,2022-01-21
344,419,14,rent,8987,active,2022-08-01,
345,421,40,sale,1014921,active,2024-05-07,
346,422,5,sale,1642805,pending,2022-02-18,
347,423,6,sale,1064431,closed,2021-06-24,2021-12-03
348,424,12,sale,1568003,closed,2023-09-18,2023-12-25
349,425,51,sale,959444,closed,2021-01-18,2021-04-18
350,426,17,sale,2057052,closed,2022-10-07,2023-01-24
351,427,65,sale,1856053,pending,2021-07-19,
352,428,62,sale,1198915,closed,2021-11-04,2022-02-27
353,429,60,sale,1162832,closed,2021-03-18,2021-05-13
354,431,30,sale,899659,active,2024-07-05,
355,433,65,rent,8015,closed,2024-09-01,2024-10-30
356,434,58,sale,726720,closed,2024-05-31,2024-09-13
357,435,56,sale,2172274,closed,2022-11-26,2023-05-22
358,436,10,sale,1763110,closed,2023-03-05,2023-08-26
359,438,64,rent,13654,active,2024-03-07,
360,439,71,sale,1727384,closed,2021-01-31,2021-05-08
361,440,41,sale,2380066,closed,2021-06-28,2021-11-09
362,441,36,sale,1635315,active,2022-08-29,
363,442,59,rent,4506,closed,2022-12-25,2023-02-26
364,444,57,rent,11326,active,2023-08-28,
365,445,63,rent,7305,closed,2021-10-15,2022-03-27
366,446,17,sale,2240166,closed,2022-08-11,2023-02-03
367,447,48,sale,1600200,cancelled,2023-11-16,2024-02-22
368,449,34,sale,1751738,active,2023-04-27,
369,450,8,sale,1290183,pending,2021-03-29,
370,451,2,sale,1979222,closed,2022-05-17,2022-10-25
371,452,21,rent,11233,pending,2021-08-04,
372,454,12,rent,12924,cancelled,2021-05-30,2021-10-13
373,455,14,sale,2979781,cancelled,2023-08-18,2024-01-02
374,456,56,sale,1301831,closed,2021-08-10,2021-12-07
375,457,44,rent,4079,active,2022-11-05,
376,458,61,rent,6514,pending,2023-09-23,
377,459,61,sale,1577288,cancelled,2023-07-20,2023-09-15
378,460,5,rent,7887,active,2022-03-14,
379,461,56,rent,12420,cancelled,2023-02-18,2023-06-08
380,462,55,sale,1659208,closed,2022-03-14,2022-04-06
381,463,9,rent,5995,closed,2024-07-25,2024-09-17
382,464,58,rent,6933,active,2021-06-17,
383,465,24,rent,7212,cancelled,2023-12-11,2024-03-04
384,467,55,sale,2457386,active,2021-07-09,
385,468,45,sale,1573794,pending,2022-09-01,
386,469,21,rent,7536,pending,2023-09-14,
387,470,50,rent,8340,closed,2023-06-14,2023-11-25
388,473,26,sale,2877158,closed,2024-02-23,2024-08-11
389,474,41,sale,1140422,closed,2024-03-30,2024-07-08
390,475,41,sale,1738395,closed,2023-07-29,2023-12-21
391,476,1,rent,6944,pending,2023-04-13,
392,477,13,rent,7802,active,2021-09-15,
393,479,70,sale,591932,pending,2022-01-20,
394,480,27,rent,8958,closed,2024-05-15,2024-08-30
395,481,47,sale,1553428,closed,2024-03-27,2024-07-17
396,482,64,sale,1159978,closed,2022-09-21,2022-11-09
397,483,46,sale,1256578,closed,2023-07-23,2023-11-08
398,485,15,sale,1010597,closed,2023-05-23,2023-09-03
399,487,23,sale,2143049,active,2023-07-29,
400,488,49,rent,6326,pending,2021-11-30,
401,489,13,rent,5212,closed,2023-06-15,2023-12-08
402,490,53,rent,7481,closed,2021-08-01,2021-08-23
403,491,57,sale,1826101,closed,2024-07-01,2024-08-13
404,492,28,sale,3005039,closed,2021-03-08,2021-07-11
405,494,26,rent,16441,closed,2023-07-21,2023-09-06
406,495,60,sale,1217865,pending,2021-09-12,
407,496,1,rent,11919,closed,2024-08-13,2024-12-10
408,497,34,rent,10740,closed,2022-04-04,2022-06-29
409,498,1,sale,2203207,active,2023-04-30,
410,501,20,rent,5320,cancelled,2023-04-30,2023-05-24
411,502,41,rent,4322,closed,2023-11-29,2024-05-18
412,503,72,rent,11221,closed,2024-03-17,2024-06-04
413,504,7,rent,7404,closed,2022-01-30,2022-05-28
414,505,50,sale,1234600,closed,2024-03-29,2024-09-25
415,506,67,rent,5793,closed,2021-12-22,2022-03-31
416,507,17,sale,808544,active,2022-04-19,
417,509,34,rent,12648,closed,2024-07-17,2024-11-12
418,510,12,sale,1202994,closed,2021-11-22,2022-01-31
419,511,20,rent,7086,closed,2023-06-15,2023-12-01
420,512,49,sale,1602676,closed,2024-01-19,2024-02-26
421,513,46,rent,9986,cancelled,2021-09-25,2022-03-24
422,515,25,sale,2010135,closed,2024-08-29,2024-12-01
423,516,34,rent,17941,cancelled,2022-05-18,2022-09-09
424,517,3,sale,490849,closed,2022-07-18,2022-09-10
425,518,59,sale,1518205,closed,2024-04-01,2024-05-17
426,519,34,rent,7658,closed,2021-09-09,2021-12-08
427,520,27,rent,6775,closed,2021-07-10,2021-10-28
428,521,53,sale,1555810,active,2023-10-03,
429,522,54,sale,1784503,active,2024-07-05,
430,523,21,rent,9561,closed,2022-10-05,2023-02-15
431,524,5,sale,1221238,closed,2021-01-21,2021-07-03
432,525,70,rent,7479,cancelled,2022-12-04,2023-04-24
433,527,25,rent,12041,closed,2023-12-05,2024-01-23
434,528,20,sale,1200421,closed,2024-01-03,2024-05-31
435,529,4,rent,4907,closed,2023-01-18,2023-04-01
436,531,17,sale,1569782,pending,2022-03-27,
437,532,45,sale,976935,closed,2023-09-14,2023-10-25
438,533,64,sale,1530230,pending,2024-08-28,
439,535,33,rent,5451,active,2023-03-31,
440,537,40,sale,827090,closed,2022-07-30,2022-09-12
441,538,63,sale,3110261,active,2022-02-26,
442,539,41,sale,2652523,cancelled,2023-07-03,2023-09-28
443,540,46,rent,4270,cancelled,2024-05-28,2024-08-05
444,541,22,sale,1096093,cancelled,2024-07-19,2024-11-29
445,542,38,sale,1870657,cancelled,2023-11-14,2024-03-15
446,543,46,rent,12408,closed,2024-08-14,2025-01-14
447,544,55,rent,5874,closed,2021-08-23,2021-12-01
448,545,28,rent,6878,active,2023-01-03,
449,546,41,rent,9491,active,2023-02-01,
450,547,28,sale,2008984,closed,2022-10-15,2023-01-25
451,548,9,sale,1736325,cancelled,2022-10-21,2023-03-31
452,549,28,sale,1488868,active,2024-05-17,
453,550,10,sale,997605,pending,2022-07-24,
454,551,41,sale,1974486,closed,2024-08-16,2024-12-23
455,552,64,sale,1727552,active,2022-02-10,
456,553,58,sale,1955879,cancelled,2022-07-17,2022-09-04
457,554,31,rent,14785,active,2022-11-01,
458,555,1,sale,2493908,active,2022-08-07,
459,556,52,sale,640797,active,2022-08-06,
460,557,6,sale,1582234,pending,2023-12-29,
461,559,54,rent,3882,closed,2021-02-03,2021-03-17
462,560,52,rent,15575,closed,2022-07-17,2022-10-31
463,561,51,sale,2305528,closed,2022-10-04,2022-11-03
464,562,48,sale,1122864,cancelled,2023-07-20,2023-09-07
465,563,7,rent,6923,pending,2021-07-30,
466,564,56,sale,982620,closed,2021-10-12,2022-01-20
467,565,48,rent,4768,pending,2021-06-30,
468,566,34,rent,4181,closed,2024-01-06,2024-02-06
469,567,39,rent,5946,pending,2021-03-30,
470,568,35,sale,1326380,closed,2022-11-06,2023-03-01
471,570,17,sale,1375801,cancelled,2021-10-10,2021-11-27
472,571,58,sale,1784500,cancelled,2021-10-31,2022-03-03
473,572,62,sale,945382,closed,2023-12-05,2024-05-18
474,573,62,sale,772292,pending,2022-07-29,
475,574,46,sale,947959,closed,2022-06-25,2022-08-03
476,575,10,sale,1938838,closed,2022-05-12,2022-07-21
477,576,2,sale,1625135,pending,2023-10-10,
478,577,25,rent,7348,active,2023-08-17,
479,580,68,sale,788373,active,2022-11-29,
480,581,59,rent,15419,cancelled,2022-10-04,2023-01-09
481,582,29,rent,7176,closed,2023-10-31,2023-12-21
482,583,66,rent,7604,closed,2023-03-01,2023-08-24
483,584,36,sale,1129343,pending,2023-03-31,
484,585,14,rent,7913,closed,2022-09-22,2023-03-06
485,587,31,rent,11151,active,2021-08-08,
486,589,61,rent,9998,closed,2023-08-02,2023-08-27
487,590,16,sale,1006563,pending,2023-07-17,
488,591,20,sale,870819,closed,2021-06-22,2021-09-02
489,592,57,sale,784063,closed,2023-06-02,2023-07-03
490,593,49,rent,7798,pending,2021-07-20,
491,594,52,rent,4345,cancelled,2023-05-16,2023-07-21
492,595,67,sale,1647803,closed,2022-07-20,2022-12-11
493,596,15,rent,6780,pending,2021-04-13,
494,597,35,sale,1262167,closed,2021-04-19,2021-10-01
495,598,52,rent,2644,closed,2023-12-26,2024-03-10
496,599,64,sale,806926,closed,2021-07-27,2021-10-21
497,600,37,rent,12328,pending,2022-02-21,
498,601,24,sale,2752794,cancelled,2022-08-13,2022-09-24
499,602,40,rent,7454,pending,2024-06-28,
500,604,22,rent,6883,closed,2022-05-04,2022-06-08
501,607,2,sale,1765195,active,2023-07-22,
502,608,23,sale,1110071,active,2023-05-27,
503,609,46,sale,1207597,cancelled,2021-06-07,2021-06-27
504,610,32,rent,5367,active,2024-04-09,
505,611,38,sale,781796,pending,2021-04-03,
506,612,19,sale,559771,pending,2023-12-12,
507,613,58,rent,7107,closed,2021-07-24,2021-11-04
508,614,63,sale,2949467,closed,2022-12-20,2023-03-13
509,615,39,sale,1678634,closed,2023-07-29,2023-11-14
510,616,62,sale,1018634,pending,2023-11-27,
511,617,19,sale,1572010,closed,2023-11-30,2023-12-23
512,618,46,rent,8544,closed,2022-03-28,2022-05-21
513,619,47,sale,1623748,closed,2022-05-16,2022-09-21
514,620,49,rent,7887,active,2021-07-02,
515,621,70,rent,7836,pending,2022-07-15,
516,622,68,rent,15610,active,2023-07-10,
517,625,54,sale,616174,closed,2022-12-16,2023-04-13
518,627,67,sale,1189682,closed,2022-07-20,2022-08-17
519,628,45,sale,1289056,closed,2024-06-08,2024-10-20
520,629,19,rent,12948,pending,2021-01-18,
521,630,38,sale,1416725,pending,2021-11-04,
522,631,37,sale,738316,active,2021-11-30,
523,632,6,sale,1464204,pending,2022-08-27,
524,634,40,rent,10844,closed,2024-04-29,2024-09-19
525,635,7,sale,1788143,closed,2022-12-23,2023-01-10
526,639,72,sale,1128514,closed,2022-12-19,2023-05-14
527,641,26,sale,772349,closed,2021-06-26,2021-08-19
528,642,61,rent,8450,closed,2021-06-15,2021-07-11
529,643,55,sale,1710647,closed,2022-05-25,2022-09-18
530,644,40,sale,1574203,cancelled,2021-07-20,2021-10-23
531,645,18,sale,1791673,closed,2023-06-12,2023-09-20
532,646,54,rent,10224,pending,2022-02-13,
533,647,60,sale,1226400,closed,2022-09-09,2022-12-12
534,648,56,sale,1280157,pending,2023-02-09,
535,650,41,sale,1096179,pending,2023-12-15,
536,651,55,rent,4539,pending,2023-01-03,
537,652,4,sale,1002134,closed,2023-04-21,2023-09-29
538,653,39,sale,1280880,closed,2023-05-13,2023-07-05
539,654,70,sale,985128,closed,2024-04-03,2024-05-23
540,655,17,rent,4411,closed,2022-08-24,2022-12-20
541,656,67,rent,6489,pending,2021-01-13,
542,657,14,sale,541603,closed,2021-04-22,2021-07-18
543,658,62,sale,1048444,cancelled,2021-07-19,2021-12-28
544,660,66,rent,8773,closed,2021-05-05,2021-10-19
545,661,19,rent,10093,closed,2021-04-19,2021-09-16
546,662,20,rent,7439,pending,2023-10-12,
547,663,63,rent,6559,closed,2022-09-29,2022-10-18
548,664,20,rent,3619,cancelled,2022-02-16,2022-03-06
549,665,32,sale,627132,active,2021-09-05,
550,667,65,sale,984773,active,2023-08-29,
551,668,39,rent,5518,active,2021-04-24,
552,669,34,sale,1353931,closed,2022-01-12,2022-06-18
553,671,16,sale,2534962,closed,2023-06-19,2023-12-11
554,672,19,sale,1604122,pending,2024-07-26,
555,673,26,sale,621500,closed,2022-05-08,2022-10-12
556,674,64,rent,5541,closed,2022-08-17,2022-09-29
557,675,60,sale,1135876,closed,2022-07-18,2022-09-01
558,676,59,sale,732852,closed,2023-05-21,2023-08-19
559,677,5,rent,11000,cancelled,2023-03-09,2023-06-12
560,678,46,sale,1374265,pending,2024-06-23,
561,679,36,rent,14637,closed,2023-08-17,2023-12-30
562,680,65,sale,1576511,pending,2021-11-21,
563,681,9,rent,5765,pending,2023-12-12,
564,682,44,rent,13793,closed,2021-11-07,2022-04-18
565,683,51,rent,6995,closed,2021-10-14,2022-01-17
566,684,61,rent,5914,pending,2024-08-14,
567,686,68,sale,1383509,cancelled,2022-01-05,2022-06-01
568,687,45,rent,9798,closed,2022-10-26,2023-04-10
569,688,21,rent,9544,closed,2023-04-07,2023-05-02
570,689,42,sale,1770584,closed,2021-08-06,2021-12-23
571,690,50,sale,1490043,closed,2022-04-30,2022-07-01
572,691,33,rent,10814,closed,2023-05-11,2023-06-13
573,693,48,rent,7858,active,2021-05-30,
574,696,14,rent,10220,closed,2021-03-02,2021-06-10
575,697,72,rent,12351,cancelled,2023-02-13,2023-07-27
576,698,37,sale,1637695,pending,2022-06-02,
577,699,25,rent,5657,closed,2021-11-28,2022-04-30
578,700,27,sale,1498179,cancelled,2021-02-19,2021-04-02
579,702,47,sale,891003,active,2021-10-15,
580,703,10,rent,10355,pending,2024-03-09,
581,704,25,sale,1748908,pending,2024-08-08,
582,705,65,rent,7229,active,2024-03-14,
583,706,9,sale,1332490,closed,2024-06-20,2024-08-12
584,707,10,sale,1727651,active,2024-07-04,
585,708,39,sale,1151099,active,2021-09-18,
586,709,70,sale,1426014,closed,2023-10-19,2024-04-07
587,711,33,sale,562828,cancelled,2022-04-04,2022-07-05
588,713,21,sale,675894,active,2023-01-03,
589,714,67,sale,620989,closed,2021-06-03,2021-08-21
590,716,8,rent,3909,pending,2023-10-22,
591,717,4,sale,1544028,closed,2021-08-16,2021-11-09
592,718,43,sale,835461,pending,2023-05-14,
593,720,71,rent,5607,pending,2021-05-02,
594,721,31,sale,979076,closed,2022-11-07,2022-12-10
595,722,5,rent,7472,pending,2024-02-29,
596,723,11,rent,12259,active,2021-05-25,
597,724,6,rent,9367,closed,2023-09-08,2023-12-04
598,725,45,sale,1785457,pending,2023-10-15,
599,727,30,rent,6203,pending,2022-09-14,
600,728,69,rent,11883,closed,2021-04-24,2021-07-01
601,729,3,rent,7707,pending,2023-02-16,
602,730,49,sale,615133,pending,2021-04-17,
603,731,18,sale,2343076,cancelled,2023-05-31,2023-11-05
604,732,46,sale,1302261,cancelled,2021-08-30,2021-12-20
605,733,31,sale,1224545,active,2023-06-14,
606,734,53,sale,964352,active,2024-04-20,
607,736,2,sale,704936,pending,2024-01-04,
608,737,8,rent,8127,closed,2022-05-27,2022-07-03
609,738,41,rent,6224,pending,2022-01-05,
610,739,51,rent,5100,closed,2022-05-16,2022-07-06
611,740,33,sale,2667815,closed,2021-09-08,2021-10-15
612,741,29,sale,1203057,closed,2022-02-26,2022-06-15
613,742,38,sale,1136028,closed,2022-09-12,2023-02-18
614,743,35,sale,617646,active,2022-05-16,
615,744,45,sale,2250372,closed,2024-01-14,2024-02-14
616,745,11,rent,9182,active,2024-06-27,
617,746,67,rent,16124,active,2021-10-08,
618,747,48,sale,615439,active,2024-02-07,
619,748,57,rent,6603,closed,2021-10-18,2022-01-04
620,749,64,sale,1903302,closed,2023-07-19,2023-08-11
621,750,50,sale,565442,active,2022-07-08,
622,751,50,sale,791357,closed,2021-06-23,2021-12-14
623,753,29,sale,1565725,closed,2023-02-23,2023-03-24
624,754,7,sale,3295895,closed,2022-01-13,2022-06-16
625,755,45,rent,5432,active,2021-03-06,
626,756,34,sale,1064642,closed,2024-05-31,2024-09-12
627,757,44,rent,8618,closed,2024-04-25,2024-05-20
628,758,55,rent,5909,pending,2024-06-26,
629,759,50,sale,948648,cancelled,2021-04-27,2021-10-03
630,760,60,sale,1987355,closed,2022-08-12,2023-01-13
631,763,34,sale,3071866,pending,2024-03-09,
632,764,17,rent,4442,closed,2023-02-20,2023-05-09
633,765,36,rent,8321,active,2022-07-29,
634,766,44,rent,5211,cancelled,2022-05-27,2022-08-28
635,767,35,rent,5090,closed,2021-03-21,2021-07-09
636,768,2,rent,9242,active,2024-08-30,
637,769,23,rent,7539,closed,2024-03-10,2024-06-03
638,770,60,rent,11680,active,2021-02-05,
639,771,28,rent,7631,closed,2023-01-05,2023-06-14
640,772,71,sale,1086043,closed,2024-04-01,2024-06-28
641,774,36,sale,1785591,closed,2021-05-12,2021-08-04
642,775,23,sale,1765708,closed,2023-10-11,2024-04-07
643,778,15,sale,2054892,closed,2024-06-19,2024-09-04
644,779,57,sale,1836632,pending,2022-01-13,
645,780,8,sale,1285549,cancelled,2021-03-27,2021-06-11
646,782,46,rent,8181,closed,2022-06-15,2022-07-07
647,784,45,rent,7121,pending,2021-04-02,
648,785,10,rent,6514,closed,2023-11-05,2024-04-01
649,786,10,sale,1337736,closed,2022-10-30,2023-03-03
650,787,47,sale,1763065,cancelled,2022-08-03,2022-11-12
651,788,48,sale,1841446,pending,2023-04-16,
652,789,48,sale,810025,closed,2022-08-26,2022-10-24
653,790,4,rent,8018,active,2021-11-04,
654,791,66,sale,1045490,pending,2022-03-10,
655,792,28,sale,1595132,closed,2023-11-07,2024-02-21
656,793,49,rent,3259,closed,2024-04-08,2024-06-03
657,794,10,rent,8528,active,2024-08-22,
658,795,71,rent,3469,closed,2022-04-05,2022-09-17
659,796,7,rent,15419,closed,2024-01-09,2024-06-10
660,799,35,sale,666660,cancelled,2023-12-11,2024-03-19
661,801,43,sale,879463,closed,2024-03-24,2024-06-12
662,802,15,sale,1078465,closed,2023-01-12,2023-04-20
663,803,47,sale,897194,closed,2023-07-01,2023-10-31
664,804,47,sale,2423232,active,2024-02-22,
665,805,30,sale,1172661,closed,2024-05-24,2024-09-26
666,806,32,rent,19738,pending,2021-09-14,
667,809,34,rent,8515,closed,2023-04-15,2023-06-07
668,811,53,sale,1649375,closed,2022-12-01,2023-01-08
669,812,26,sale,516024,pending,2021-10-31,
670,813,16,sale,1416559,pending,2023-07-19,
671,814,13,sale,1885565,cancelled,2024-02-10,2024-06-27
672,815,22,rent,3873,closed,2021-03-11,2021-04-04
673,816,50,sale,1143665,closed,2021-09-29,2022-03-01
674,817,72,rent,5695,pending,2022-12-27,
675,819,14,sale,1456464,closed,2022-08-24,2022-12-06
676,820,46,rent,7451,active,2021-04-03,
677,822,56,rent,5511,active,2023-04-18,
678,824,66,sale,1795478,cancelled,2023-09-05,2023-11-08
679,825,59,sale,1161952,closed,2021-01-16,2021-05-08
680,826,36,sale,506441,closed,2023-06-18,2023-12-03
681,827,44,rent,5052,closed,2021-07-18,2021-12-09
682,828,66,sale,1288617,closed,2023-11-27,2024-05-11
683,829,41,sale,518724,cancelled,2023-05-24,2023-09-17
684,830,27,sale,1957701,pending,2021-10-21,
685,833,41,sale,1719024,pending,2022-07-24,
686,834,36,sale,966814,closed,2022-08-07,2022-11-06
687,835,34,rent,7342,cancelled,2022-04-04,2022-07-04
688,836,19,rent,7948,closed,2021-08-06,2021-11-03
689,837,4,rent,13835,closed,2024-02-05,2024-04-06
690,839,70,sale,977603,active,2021-03-23,
691,840,48,sale,1266642,closed,2022-02-04,2022-02-28
692,841,67,sale,1599251,closed,2024-03-15,2024-07-24
693,842,16,rent,6711,closed,2023-07-19,2023-09-03
694,843,12,sale,1058331,pending,2023-06-05,
695,844,46,rent,8821,closed,2022-07-25,2022-09-10
696,845,21,sale,2328715,closed,2022-04-01,2022-07-11
697,846,66,sale,2151112,pending,2022-07-20,
698,847,5,sale,803461,cancelled,2021-06-01,2021-09-07
699,848,72,rent,8429,pending,2023-12-04,
700,850,2,sale,641889,closed,2024-07-06,2025-01-02
701,1,26,rent,12774,closed,2024-04-15,2024-06-28
702,1,24,rent,13083,pending,2024-08-25,
703,2,12,sale,853221,pending,2022-08-02,
704,2,9,rent,5348,pending,2022-03-15,
705,12,5,rent,7078,closed,2024-06-05,2024-08-07
706,12,31,rent,7745,pending,2024-11-02,
707,13,39,rent,8229,cancelled,2023-09-19,2023-11-22
708,13,51,rent,8474,closed,2024-02-24,2024-07-16
709,18,29,sale,1970104,closed,2024-01-18,2024-02-29
710,18,54,sale,2106713,active,2024-09-29,
711,19,15,sale,644414,closed,2022-10-29,2023-03-04
712,19,51,rent,4857,closed,2023-06-13,2023-09-27
713,20,53,rent,4510,closed,2023-09-18,2024-02-08
714,20,65,rent,4008,active,2024-03-06,
715,28,34,sale,2295894,closed,2023-04-18,2023-07-27
716,28,55,sale,2503216,closed,2023-11-29,2024-04-08
717,31,44,sale,943001,closed,2021-04-22,2021-07-05
718,31,29,sale,952800,closed,2021-08-05,2021-12-05
719,32,15,rent,12209,closed,2021-12-08,2022-06-04
720,32,17,sale,1924158,active,2022-11-28,
721,33,49,sale,1933529,closed,2021-02-10,2021-03-05
722,33,71,sale,1671354,closed,2021-09-21,2022-01-07
723,39,69,sale,1773593,cancelled,2021-04-11,2021-07-30
724,39,30,sale,1911177,closed,2021-09-28,2022-01-25
725,53,43,rent,9620,pending,2021-11-27,
726,53,2,rent,9279,active,2024-02-07,
727,71,14,sale,1631559,closed,2021-02-11,2021-07-13
728,71,39,sale,1364509,cancelled,2021-12-04,2022-03-04
729,72,5,rent,13899,closed,2024-07-17,2024-10-06
730,72,49,rent,14015,active,2024-11-26,
731,78,11,rent,5565,closed,2021-09-26,2021-12-22
732,78,3,rent,5456,cancelled,2022-05-20,2022-09-21
733,82,13,rent,7685,closed,2024-01-15,2024-03-11
734,82,40,rent,7013,pending,2024-07-09,
735,90,3,sale,1169241,active,2023-05-21,
736,90,61,sale,1081189,cancelled,2023-07-29,2023-10-22
737,91,53,sale,1796503,pending,2023-05-30,
738,91,65,sale,1889591,closed,2023-09-17,2024-02-18
739,99,48,sale,1031155,closed,2021-02-05,2021-06-03
740,99,4,sale,832507,closed,2021-12-22,2022-03-07
741,102,14,sale,2976279,closed,2022-04-21,2022-09-08
742,102,11,sale,2753218,pending,2022-12-22,
743,104,63,sale,1448404,pending,2021-12-13,
744,104,61,sale,1423164,pending,2021-06-21,
745,106,8,sale,2819374,active,2024-03-06,
746,106,44,sale,2593904,active,2022-06-01,
747,118,53,sale,1593944,pending,2021-03-16,
748,118,72,rent,11277,pending,2022-07-04,
749,119,42,sale,1182114,closed,2024-01-23,2024-04-10
750,119,14,sale,1186328,closed,2024-08-31,2024-10-08
751,129,21,sale,1346515,closed,2021-06-08,2021-06-29
752,129,15,sale,1275563,closed,2021-08-19,2021-12-27
753,135,68,rent,5412,pending,2023-05-19,
754,135,38,rent,5321,closed,2024-01-26,2024-02-15
755,139,67,rent,9177,closed,2022-08-26,2022-11-21
756,139,19,rent,8879,closed,2023-03-16,2023-05-15
757,141,48,rent,14698,pending,2022-02-23,
758,141,43,rent,13704,cancelled,2022-05-30,2022-08-09
759,143,2,rent,12316,closed,2021-10-05,2022-02-21
760,143,1,sale,1998005,closed,2022-04-27,2022-06-01
761,147,69,rent,7298,cancelled,2022-01-20,2022-03-03
762,147,60,rent,7063,pending,2022-04-16,
763,158,29,rent,9665,closed,2021-05-17,2021-10-25
764,158,37,rent,10921,cancelled,2021-11-17,2022-02-13
765,163,48,sale,1595917,closed,2023-05-23,2023-08-27
766,163,72,sale,1729343,active,2023-12-28,
767,170,14,sale,534984,cancelled,2022-02-19,2022-04-17
768,170,14,sale,549655,cancelled,2022-07-17,2022-12-26
769,172,43,sale,2153424,closed,2023-12-06,2024-03-31
770,172,61,sale,2162402,active,2024-09-18,
771,176,28,sale,1769980,active,2021-01-06,
772,176,61,sale,1512814,closed,2024-06-13,2024-08-12
773,177,18,rent,15943,cancelled,2022-10-25,2022-11-25
774,177,61,sale,2826785,pending,2023-04-06,
775,191,31,sale,729603,pending,2023-10-22,
776,191,46,sale,731931,closed,2023-02-12,2023-07-01
777,193,28,rent,6239,closed,2023-12-06,2024-01-13
778,193,56,sale,1089198,closed,2024-07-13,2024-09-05
779,198,33,sale,2111158,pending,2023-10-01,
780,198,45,sale,2211755,active,2024-02-17,
781,200,55,sale,2755873,cancelled,2023-01-19,2023-05-05
782,200,25,sale,2768815,pending,2023-10-15,
783,201,26,rent,17116,closed,2022-01-02,2022-01-22
784,201,40,rent,14601,pending,2022-06-25,
785,210,65,sale,675555,pending,2023-01-26,
786,210,62,rent,3626,closed,2024-05-27,2024-08-23
787,211,4,rent,7196,closed,2022-06-03,2022-07-05
788,211,59,sale,1320461,closed,2022-11-22,2023-05-20
789,226,70,sale,2128015,pending,2023-08-28,
790,226,20,sale,1941920,active,2021-03-20,
791,228,11,rent,10143,closed,2021-12-29,2022-02-18
792,228,8,rent,8477,active,2022-04-09,
793,234,25,sale,985596,active,2024-01-20,
794,234,41,sale,999624,active,2021-02-04,
795,248,47,rent,5580,closed,2021-12-13,2022-05-30
796,248,9,sale,786119,cancelled,2022-12-06,2023-01-08
797,257,35,sale,717002,pending,2023-10-25,
798,257,26,sale,697294,active,2023-06-28,
799,275,40,rent,8065,cancelled,2023-04-19,2023-05-07
800,275,12,rent,7961,closed,2023-08-24,2024-01-08
801,278,24,rent,7224,closed,2023-08-07,2023-09-17
802,278,3,rent,7621,active,2023-11-23,
803,279,59,sale,497643,closed,2021-01-22,2021-05-15
804,279,40,sale,592245,pending,2021-12-06,
805,286,17,rent,8996,cancelled,2024-08-08,2024-10-13
806,286,18,rent,7824,closed,2025-01-28,2025-03-01
807,291,25,sale,762360,active,2023-04-28,
808,291,34,sale,752627,cancelled,2022-02-13,2022-05-17
809,296,46,rent,10260,pending,2022-06-26,
810,296,67,rent,11928,pending,2022-12-16,
811,302,22,rent,10180,active,2024-07-16,
812,302,69,rent,9537,pending,2024-04-13,
813,304,37,sale,616098,pending,2023-06-08,
814,304,12,sale,648049,cancelled,2023-10-29,2024-01-23
815,311,60,sale,2283236,pending,2022-03-08,
816,311,24,sale,2436400,closed,2021-08-25,2022-02-20
817,312,49,rent,3381,closed,2023-08-15,2023-12-06
818,312,14,rent,3190,active,2024-01-03,
819,326,43,rent,7933,closed,2021-01-17,2021-06-05
820,326,40,rent,7986,cancelled,2021-07-20,2021-11-06
821,339,3,rent,15267,pending,2024-01-25,
822,339,56,rent,16232,closed,2024-06-16,2024-11-28
823,345,48,rent,5999,closed,2023-08-28,2023-11-18
824,345,6,rent,5810,closed,2024-04-09,2024-07-12
825,350,14,rent,7070,closed,2022-04-25,2022-09-19
826,350,52,sale,1019574,active,2023-04-25,
827,353,39,rent,19073,active,2021-12-02,
828,353,18,sale,2910778,closed,2023-12-10,2024-05-21
829,362,7,sale,1447994,pending,2022-11-14,
830,362,19,rent,8961,active,2022-09-26,
831,378,59,rent,8602,pending,2023-07-29,
832,378,23,rent,8227,active,2021-10-30,
833,385,56,sale,740051,closed,2021-06-14,2021-08-23
834,385,48,sale,734096,closed,2021-11-13,2022-04-22
835,388,61,sale,595184,pending,2021-11-23,
836,388,49,sale,648606,cancelled,2023-03-19,2023-08-04
837,389,50,sale,685028,cancelled,2022-05-13,2022-06-24
838,389,52,sale,712065,active,2023-01-25,
839,396,55,sale,790833,pending,2022-08-03,
840,396,4,sale,656969,closed,2023-12-30,2024-05-21
841,399,31,sale,1832384,pending,2024-05-31,
842,399,51,sale,1989181,cancelled,2022-11-28,2022-12-16
843,401,64,sale,1651587,pending,2024-08-15,
844,401,12,rent,10054,pending,2022-03-09,
845,404,37,rent,6655,closed,2024-09-01,2024-10-27
846,404,34,rent,7124,active,2025-01-24,
847,412,67,rent,6911,closed,2023-05-14,2023-09-10
848,412,13,sale,1266327,closed,2024-01-27,2024-05-12
849,415,21,rent,9076,closed,2023-04-09,2023-04-30
850,415,2,rent,8526,closed,2023-10-14,2024-02-25
851,420,7,rent,6732,active,2023-04-03,
852,420,58,rent,7208,closed,2022-06-14,2022-07-31
853,430,47,sale,1756267,closed,2023-08-28,2024-01-29
854,430,50,sale,1865712,closed,2024-04-03,2024-09-04
855,432,34,rent,11517,closed,2021-06-13,2021-09-25
856,432,56,sale,2057222,closed,2022-03-21,2022-08-02
857,437,63,rent,7718,pending,2022-07-31,
858,437,48,rent,9305,active,2021-04-13,
859,443,4,rent,10734,active,2022-11-23,
860,443,3,rent,9874,closed,2022-01-02,2022-05-06
861,448,15,sale,1223375,cancelled,2022-09-02,2023-02-19
862,448,32,sale,1193133,closed,2023-03-20,2023-07-17
863,453,64,sale,1967748,closed,2024-01-01,2024-02-25
864,453,32,sale,2101333,closed,2024-05-25,2024-10-07
865,466,10,rent,5650,cancelled,2023-12-09,2024-01-06
866,466,13,sale,881892,pending,2024-02-04,
867,471,39,sale,806318,active,2021-06-11,
868,471,33,sale,774816,pending,2021-02-15,
869,472,15,sale,1006144,closed,2021-06-12,2021-10-18
870,472,66,sale,875552,closed,2022-04-02,2022-07-06
871,478,48,sale,692053,closed,2022-05-15,2022-06-14
872,478,36,sale,702764,closed,2022-08-28,2023-01-04
873,484,6,rent,13611,active,2022-01-16,
874,484,1,rent,14862,cancelled,2022-01-07,2022-04-04
875,486,36,rent,13243,closed,2021-02-08,2021-03-31
876,486,41,rent,13265,active,2021-09-20,
877,493,29,sale,689432,closed,2022-04-06,2022-07-16
878,493,59,sale,824742,pending,2022-10-17,
879,499,70,sale,2801681,active,2024-07-24,
880,499,44,sale,2412563,active,2024-02-17,
881,500,27,rent,11801,closed,2023-06-30,2023-11-22
882,500,52,rent,13250,cancelled,2024-01-24,2024-04-16
883,508,63,rent,12609,pending,2024-03-16,
884,508,68,rent,10404,pending,2022-12-09,
885,514,60,rent,14973,closed,2022-08-21,2023-01-01
886,514,46,rent,14460,closed,2023-06-29,2023-12-23
887,526,3,rent,9794,active,2023-05-01,
888,526,63,rent,8948,active,2022-08-05,
889,530,49,rent,5579,closed,2023-02-08,2023-03-31
890,530,28,sale,730709,closed,2023-05-21,2023-08-02
891,534,52,sale,1097796,closed,2024-03-14,2024-05-11
892,534,36,rent,7538,closed,2024-08-29,2025-01-01
893,536,41,sale,1647289,pending,2023-01-14,
894,536,64,sale,1554571,closed,2023-12-27,2024-04-26
895,558,21,sale,1540850,closed,2022-08-10,2022-12-21
896,558,69,rent,8825,closed,2023-02-24,2023-03-14
897,569,13,sale,2275305,active,2023-08-09,
898,569,54,sale,2148024,active,2024-08-30,
899,578,18,sale,1510697,closed,2024-07-27,2024-10-10
900,578,3,sale,1748196,closed,2025-02-17,2025-03-01
901,579,61,rent,12468,cancelled,2022-05-27,2022-11-21
902,579,50,rent,12047,cancelled,2023-03-15,2023-09-02
903,586,59,rent,10384,closed,2022-01-31,2022-03-31
904,586,42,rent,8965,closed,2022-06-20,2022-08-28
905,588,60,sale,1887404,closed,2021-05-13,2021-07-22
906,588,31,sale,1765118,active,2022-02-02,
907,603,43,sale,1778488,closed,2023-08-03,2023-09-18
908,603,1,rent,10780,closed,2023-11-17,2023-12-22
909,605,61,sale,2823586,active,2023-04-13,
910,605,69,rent,16697,closed,2021-05-25,2021-08-17
911,606,4,sale,844230,closed,2024-05-28,2024-10-29
912,606,51,sale,773837,pending,2025-02-18,
913,623,57,sale,2677304,closed,2021-03-23,2021-08-18
914,623,15,sale,2501839,closed,2021-10-08,2022-01-01
915,624,19,rent,5077,cancelled,2023-01-21,2023-05-05
916,624,13,sale,794219,active,2023-09-25,
917,626,63,rent,7391,pending,2021-06-01,
918,626,57,rent,7203,pending,2022-06-17,
919,633,36,rent,3960,active,2023-07-12,
920,633,4,rent,3504,closed,2021-10-14,2022-01-13
921,636,38,rent,7689,active,2023-01-30,
922,636,61,rent,7696,closed,2021-11-21,2022-02-25
923,637,17,sale,1556307,active,2022-08-27,
924,637,30,sale,1848425,closed,2022-08-22,2022-11-13
925,638,2,sale,1784298,closed,2022-03-10,2022-05-04
926,638,52,sale,1752462,closed,2022-11-24,2023-04-23
927,640,65,sale,488232,cancelled,2021-12-15,2022-02-10
928,640,22,sale,424760,closed,2022-06-05,2022-10-25
929,649,49,rent,6140,pending,2023-09-15,
930,649,27,sale,1002922,closed,2021-05-13,2021-08-18
931,659,26,rent,5748,closed,2022-07-24,2022-09-10
932,659,2,rent,5700,pending,2023-01-25,
933,666,47,sale,1396553,closed,2023-12-10,2024-02-17
934,666,65,sale,1312187,cancelled,2024-06-18,2024-09-28
935,670,69,sale,926557,active,2024-02-08,
936,670,32,rent,5312,closed,2021-04-25,2021-09-23
937,685,32,sale,2301786,active,2022-01-10,
938,685,35,sale,2026910,cancelled,2023-07-24,2024-01-13
939,692,9,rent,6237,pending,2021-07-07,
940,692,8,sale,921899,pending,2021-09-29,
941,694,62,sale,1319613,active,2022-05-15,
942,694,41,sale,1412921,closed,2024-01-05,2024-02-05
943,695,57,rent,6187,closed,2021-05-30,2021-07-16
944,695,28,rent,6048,active,2021-09-24,
945,701,56,rent,13048,active,2022-09-07,
946,701,25,sale,2216906,closed,2021-08-17,2021-12-26
947,710,59,sale,1910713,active,2024-07-24,
948,710,35,rent,12118,closed,2022-05-31,2022-11-18
949,712,66,sale,750228,closed,2021-12-28,2022-05-18
950,712,69,sale,744690,active,2022-11-19,
951,715,40,rent,5134,closed,2022-07-18,2022-12-11
952,715,24,rent,5457,pending,2023-01-28,
953,719,66,sale,2266834,pending,2022-10-16,
954,719,56,sale,1906343,pending,2021-12-01,
955,726,44,rent,12937,cancelled,2021-07-13,2021-11-21
956,726,25,rent,12672,active,2022-04-27,
957,735,65,sale,792558,active,2022-04-20,
958,735,27,sale,846320,closed,2023-12-23,2024-03-26
959,752,51,sale,2273898,cancelled,2021-11-13,2022-01-19
960,752,42,sale,2439848,closed,2022-03-20,2022-05-17
961,761,35,sale,1172317,cancelled,2023-08-29,2023-12-31
962,761,48,rent,7261,cancelled,2024-03-27,2024-06-30
963,762,41,rent,4629,active,2022-11-15,
964,762,1,rent,4472,closed,2023-05-22,2023-09-23
965,773,53,rent,10534,active,2023-04-08,
966,773,3,rent,12871,closed,2021-10-14,2022-01-10
967,776,33,rent,5836,active,2022-02-19,
968,776,49,rent,5585,closed,2023-02-04,2023-06-11
969,777,65,rent,5172,closed,2024-02-21,2024-05-04
970,777,21,rent,4495,closed,2024-08-02,2024-10-21
971,781,61,rent,7009,closed,2023-09-10,2024-02-26
972,781,50,sale,1051407,pending,2024-03-28,
973,783,49,rent,6824,closed,2023-09-25,2024-03-16
974,783,69,rent,7437,closed,2024-04-19,2024-07-16
975,797,18,sale,594841,pending,2022-08-06,
976,797,20,rent,4223,closed,2021-06-01,2021-10-02
977,798,72,rent,9202,closed,2024-04-22,2024-06-30
978,798,34,sale,1439148,closed,2024-09-20,2025-02-24
979,800,9,rent,13960,closed,2022-08-20,2022-10-12
980,800,41,sale,2273230,active,2023-04-29,
981,807,28,rent,9030,closed,2023-01-10,2023-05-22
982,807,47,sale,1196251,pending,2023-10-08,
983,808,18,sale,1544088,cancelled,2022-06-15,2022-07-08
984,808,7,sale,1612964,cancelled,2022-11-10,2023-04-01
985,810,66,sale,2525392,active,2021-05-04,
986,810,65,sale,2259156,closed,2024-03-04,2024-03-30
987,818,37,rent,7759,closed,2022-11-01,2023-03-24
988,818,10,sale,1018620,pending,2023-09-22,
989,821,21,sale,1212643,closed,2024-02-18,2024-07-21
990,821,25,sale,1155434,closed,2024-09-01,2025-01-16
991,823,58,sale,1145864,cancelled,2023-06-02,2023-10-17
992,823,10,rent,6293,closed,2024-05-13,2024-08-23
993,831,56,rent,7630,closed,2024-03-24,2024-08-24
994,831,50,sale,1341254,closed,2024-12-24,2025-01-12
995,832,20,sale,1489571,pending,2022-04-07,
996,832,69,sale,1589066,closed,2022-04-02,2022-07-12
997,838,46,sale,1346090,closed,2022-02-15,2022-07-30
998,838,25,rent,8492,closed,2023-02-18,2023-04-16
999,849,13,sale,1105680,pending,2022-02-27,
1000,849,17,sale,1285603,cancelled,2024-05-17,2024-06-14
