transaction_id,listing_id,agent_employee_id,transaction_type,transaction_status,transaction_amount,monthly_rent,lease_start_date,lease_end_date,closing_date,commission_amount
1,1,67,sale,pending,,,,,,
2,5,46,rental,closed,,7225.41,2022-06-12,2023-06-12,2022-05-31,3612.7
3,6,66,sale,pending,,,,,,
4,7,30,rental,pending,,,,,,
5,8,26,sale,closed,1440454.0,,,,2021-10-31,28809.08
6,9,25,sale,closed,1542794.0,,,,2023-02-02,46283.82
7,13,51,rental,closed,,6001.3,2024-01-29,2026-01-28,2024-01-11,6001.3
8,15,11,sale,pending,,,,,,
9,16,27,rental,closed,,10072.62,2022-06-10,2024-06-09,2022-05-24,7554.47
10,17,18,sale,pending,,,,,,
11,18,64,rental,closed,,8901.66,2021-10-25,2022-10-25,2021-10-10,8901.66
12,19,55,sale,closed,938312.0,,,,2023-05-02,28149.36
13,21,18,rental,closed,,6199.75,2024-06-11,2026-06-11,2024-05-13,6199.75
14,22,51,sale,pending,,,,,,
15,23,69,sale,closed,2755407.0,,,,2022-03-29,68885.18
16,25,14,rental,pending,,,,,,
17,27,50,sale,pending,,,,,,
18,28,68,rental,pending,,,,,,
19,29,2,sale,pending,,,,,,
20,30,17,sale,closed,955820.0,,,,2023-06-07,28674.6
21,31,27,rental,closed,,17823.0,2024-01-23,2025-01-22,2024-01-02,8911.5
22,34,1,sale,pending,,,,,,
23,35,32,sale,closed,1123714.0,,,,2023-10-30,22474.28
24,36,59,rental,pending,,,,,,
25,37,59,sale,closed,2427800.0,,,,2021-06-21,48556.0
26,38,23,sale,pending,,,,,,
27,39,56,rental,pending,,,,,,
28,41,36,sale,closed,1556094.0,,,,2021-05-28,46682.82
29,42,9,rental,pending,,,,,,
30,44,10,rental,closed,,9557.19,2024-06-05,2026-06-05,2024-05-29,4778.6
31,45,42,rental,pending,,,,,,
32,46,6,sale,closed,1420114.0,,,,2022-04-30,28402.28
33,47,60,rental,pending,,,,,,
34,48,5,rental,closed,,7445.95,2023-08-19,2024-08-18,2023-07-26,5584.46
35,49,42,rental,closed,,12694.61,2021-11-02,2022-11-02,2021-10-14,6347.31
36,50,11,sale,closed,2459150.0,,,,2023-09-13,49183.0
37,51,18,sale,closed,2090611.0,,,,2022-09-19,41812.22
38,52,3,sale,closed,2501036.0,,,,2022-09-25,50020.72
39,53,51,rental,closed,,6703.39,2022-06-16,2023-06-16,2022-06-01,5027.54
40,55,69,sale,pending,,,,,,
41,56,14,sale,closed,1176218.0,,,,2021-09-06,29405.45
42,57,1,sale,closed,1349118.0,,,,2023-03-14,26982.36
43,58,48,sale,closed,1276376.0,,,,2023-05-04,38291.28
44,61,13,sale,pending,,,,,,
45,62,6,sale,pending,,,,,,
46,63,72,rental,closed,,8216.06,2021-12-08,2022-12-08,2021-11-17,4108.03
47,64,51,sale,closed,2596386.0,,,,2024-12-06,77891.58
48,65,46,rental,closed,,8165.8,2021-10-27,2022-10-27,2021-10-20,6124.35
49,66,2,sale,closed,618519.0,,,,2021-05-09,18555.57
50,67,48,sale,closed,363793.0,,,,2023-10-26,10913.79
51,69,22,rental,closed,,4525.33,2022-01-16,2024-01-16,2022-01-07,4525.33
52,70,50,rental,closed,,10290.24,2022-01-24,2024-01-24,2022-01-09,5145.12
53,71,41,rental,closed,,8741.83,2022-04-13,2024-04-12,2022-03-29,8741.83
54,72,58,sale,closed,676502.0,,,,2023-10-07,13530.04
55,74,16,sale,closed,2451655.0,,,,2021-07-22,61291.38
56,76,20,sale,closed,2438883.0,,,,2023-04-17,48777.66
57,77,57,rental,pending,,,,,,
58,78,6,rental,closed,,5088.75,2023-03-10,2025-03-09,2023-02-12,3816.56
59,79,4,rental,closed,,17404.16,2023-08-24,2024-08-23,2023-07-30,17404.16
60,81,29,rental,pending,,,,,,
61,82,57,rental,closed,,6847.4,2023-05-19,2024-05-18,2023-04-26,3423.7
62,83,9,rental,pending,,,,,,
63,84,27,rental,closed,,7290.97,2021-07-01,2023-07-01,2021-06-10,7290.97
64,85,31,sale,closed,2296632.0,,,,2022-03-02,57415.8
65,86,22,sale,closed,985863.0,,,,2023-08-28,29575.89
66,88,26,sale,closed,809015.0,,,,2024-09-22,24270.45
67,90,65,sale,pending,,,,,,
68,91,3,rental,closed,,10011.31,2023-11-19,2025-11-18,2023-10-26,7508.48
69,92,69,sale,closed,1449178.0,,,,2023-08-28,36229.45
70,95,20,sale,closed,1426166.0,,,,2021-12-14,35654.15
71,97,50,sale,closed,1065759.0,,,,2023-08-23,21315.18
72,98,53,sale,closed,1665030.0,,,,2024-09-10,41625.75
73,99,21,rental,closed,,6762.68,2022-03-06,2024-03-05,2022-02-21,6762.68
74,100,45,rental,pending,,,,,,
75,102,62,sale,closed,987244.0,,,,2023-08-07,24681.1
76,103,4,sale,pending,,,,,,
77,104,59,sale,closed,1208430.0,,,,2025-02-02,36252.9
78,105,21,rental,pending,,,,,,
79,106,51,rental,closed,,12265.1,2021-11-11,2022-11-11,2021-11-02,12265.1
80,107,55,sale,closed,1997251.0,,,,2021-08-19,49931.28
81,108,65,sale,closed,933718.0,,,,2023-08-28,18674.36
82,109,12,rental,closed,,14053.65,2023-07-23,2025-07-22,2023-06-26,10540.24
83,111,40,sale,closed,2194646.0,,,,2022-11-01,65839.38
84,112,13,rental,closed,,10130.08,2022-01-26,2024-01-26,2021-12-29,5065.04
85,113,56,rental,closed,,8421.67,2023-09-03,2025-09-02,2023-08-05,4210.84
86,114,26,rental,closed,,7414.08,2023-04-14,2024-04-13,2023-03-31,7414.08
87,115,28,rental,closed,,15935.39,2024-03-18,2026-03-18,2024-03-08,11951.54
88,116,34,sale,closed,939380.0,,,,2021-07-07,28181.4
89,117,14,rental,closed,,12994.42,2023-10-30,2024-10-29,2023-10-12,12994.42
90,118,49,rental,closed,,9979.0,2022-02-02,2023-02-02,2022-01-15,9979.0
91,120,35,sale,pending,,,,,,
92,121,13,sale,closed,984690.0,,,,2021-02-12,29540.7
93,123,55,sale,closed,767929.0,,,,2024-02-16,15358.58
94,124,31,rental,pending,,,,,,
95,125,46,sale,closed,2600524.0,,,,2023-04-29,52010.48
96,126,18,rental,closed,,10493.48,2021-12-02,2023-12-02,2021-11-22,5246.74
97,129,3,sale,closed,1776132.0,,,,2022-04-30,44403.3
98,130,57,sale,closed,1450573.0,,,,2021-07-14,29011.46
99,131,11,sale,closed,1131509.0,,,,2024-03-12,33945.27
100,132,13,sale,pending,,,,,,
101,133,67,sale,closed,2363560.0,,,,2022-10-18,70906.8
102,135,71,sale,pending,,,,,,
103,137,22,sale,closed,1731520.0,,,,2024-03-25,51945.6
104,138,21,sale,closed,608467.0,,,,2021-07-28,12169.34
105,140,18,sale,closed,907621.0,,,,2023-10-22,22690.53
106,141,43,sale,closed,1008820.0,,,,2024-08-31,25220.5
107,144,30,sale,closed,1108624.0,,,,2024-07-03,33258.72
108,145,12,sale,closed,2339566.0,,,,2021-10-10,58489.15
109,147,1,sale,closed,2720827.0,,,,2022-01-11,54416.54
110,148,55,sale,closed,743948.0,,,,2024-08-18,14878.96
111,149,17,sale,pending,,,,,,
112,150,51,sale,closed,2188667.0,,,,2024-07-01,65660.01
113,151,29,rental,closed,,9857.72,2023-12-02,2025-12-01,2023-11-03,7393.29
114,154,62,sale,closed,1800869.0,,,,2022-02-21,36017.38
115,155,8,sale,closed,596882.0,,,,2022-07-10,14922.05
116,156,27,sale,pending,,,,,,
117,157,23,rental,closed,,6072.37,2022-05-16,2024-05-15,2022-05-07,4554.28
118,158,3,rental,closed,,9755.68,2023-06-10,2024-06-09,2023-05-11,9755.68
119,160,37,sale,closed,592801.0,,,,2023-06-10,14820.03
120,161,71,sale,pending,,,,,,
121,162,7,rental,closed,,6384.92,2022-03-21,2023-03-21,2022-03-11,3192.46
122,163,18,rental,closed,,5380.7,2022-11-29,2023-11-29,2022-11-13,5380.7
123,167,22,sale,pending,,,,,,
124,169,56,sale,closed,1558217.0,,,,2021-12-11,31164.34
125,170,5,rental,closed,,12049.86,2024-10-10,2026-10-10,2024-09-26,12049.86
126,171,23,sale,closed,1161431.0,,,,2023-09-10,34842.93
127,172,60,sale,closed,1391799.0,,,,2023-03-20,27835.98
128,174,63,rental,closed,,4563.52,2021-11-09,2023-11-09,2021-10-22,4563.52
129,175,62,sale,closed,1164226.0,,,,2024-04-26,34926.78
130,177,39,sale,pending,,,,,,
131,178,69,rental,pending,,,,,,
132,179,68,sale,closed,2304872.0,,,,2021-07-15,57621.8
133,180,16,rental,closed,,18741.95,2024-05-31,2026-05-31,2024-05-02,9370.98
134,181,24,rental,closed,,12735.99,2022-05-08,2023-05-08,2022-04-18,6367.99
135,182,58,sale,pending,,,,,,
136,183,27,sale,closed,1862238.0,,,,2022-02-21,55867.14
137,184,5,sale,pending,,,,,,
138,185,70,sale,closed,2457947.0,,,,2022-01-02,73738.41
139,186,67,sale,closed,1951711.0,,,,2021-01-30,39034.22
140,187,18,rental,closed,,6687.91,2023-01-28,2024-01-28,2023-01-02,6687.91
141,190,18,rental,closed,,14821.98,2022-04-20,2023-04-20,2022-04-04,7410.99
142,192,33,rental,closed,,4335.05,2024-12-13,2025-12-13,2024-12-03,4335.05
143,193,59,rental,closed,,5346.21,2025-01-07,2026-01-07,2024-12-21,4009.66
144,194,69,rental,closed,,6520.74,2022-08-25,2023-08-25,2022-07-29,3260.37
145,197,56,rental,closed,,9199.69,2023-09-13,2024-09-12,2023-08-16,4599.85
146,198,16,sale,closed,718181.0,,,,2024-08-16,17954.53
147,199,43,sale,pending,,,,,,
148,201,49,rental,closed,,5536.79,2022-06-20,2024-06-19,2022-05-21,2768.39
149,202,16,rental,closed,,11119.41,2022-05-28,2023-05-28,2022-05-15,8339.56
150,205,22,sale,closed,1517698.0,,,,2024-06-28,30353.96
151,206,69,sale,pending,,,,,,
152,207,34,rental,closed,,4901.9,2023-06-14,2024-06-13,2023-05-25,3676.42
153,209,32,rental,closed,,4662.94,2022-11-03,2023-11-03,2022-10-22,3497.2
154,210,24,sale,pending,,,,,,
155,211,37,rental,closed,,4152.28,2023-05-28,2024-05-27,2023-05-21,4152.28
156,212,30,rental,pending,,,,,,
157,213,41,rental,closed,,11286.88,2021-11-18,2022-11-18,2021-10-28,5643.44
158,214,31,rental,pending,,,,,,
159,215,37,rental,closed,,18542.49,2022-01-21,2023-01-21,2022-01-13,9271.25
160,216,55,rental,closed,,22050.12,2023-11-03,2024-11-02,2023-10-27,11025.06
161,219,55,rental,closed,,16475.93,2022-03-05,2023-03-05,2022-02-13,8237.97
162,223,49,sale,pending,,,,,,
163,224,32,sale,pending,,,,,,
164,229,39,rental,closed,,6529.42,2021-05-25,2022-05-25,2021-04-25,6529.42
165,230,52,sale,closed,1081031.0,,,,2021-03-17,27025.78
166,231,11,sale,closed,1106837.0,,,,2021-10-03,27670.93
167,232,1,sale,closed,1091335.0,,,,2022-04-02,32740.05
168,233,51,rental,pending,,,,,,
169,235,21,rental,closed,,10174.72,2021-12-27,2022-12-27,2021-12-19,10174.72
170,236,15,sale,closed,2102343.0,,,,2023-08-15,52558.58
171,237,54,rental,pending,,,,,,
172,238,62,sale,closed,812034.0,,,,2021-05-13,20300.85
173,240,65,sale,closed,1302630.0,,,,2022-01-16,26052.6
174,242,2,rental,closed,,5561.06,2022-02-25,2024-02-25,2022-02-09,4170.8
175,243,44,sale,pending,,,,,,
176,244,62,sale,closed,1096248.0,,,,2024-09-13,32887.44
177,245,32,sale,closed,2391396.0,,,,2024-01-28,59784.9
178,246,15,sale,closed,1274274.0,,,,2024-02-11,31856.85
179,247,26,rental,closed,,3841.04,2022-10-08,2023-10-08,2022-09-26,3841.04
180,249,20,sale,closed,1475506.0,,,,2022-07-10,36887.65
181,250,25,rental,closed,,6705.17,2022-01-14,2023-01-14,2021-12-25,3352.59
182,252,30,sale,closed,1707427.0,,,,2023-05-25,42685.68
183,253,66,sale,pending,,,,,,
184,255,41,rental,closed,,9968.91,2023-03-27,2024-03-26,2023-03-11,9968.91
185,256,42,sale,closed,2268461.0,,,,2022-02-08,45369.22
186,259,71,rental,closed,,4760.72,2021-09-25,2022-09-25,2021-09-07,2380.36
187,260,47,sale,pending,,,,,,
188,261,48,sale,pending,,,,,,
189,262,12,sale,closed,2291649.0,,,,2022-11-13,45832.98
190,263,16,rental,pending,,,,,,
191,265,44,sale,closed,1160213.0,,,,2021-12-26,29005.33
192,266,69,sale,closed,850230.0,,,,2023-11-07,17004.6
193,267,71,rental,closed,,5181.6,2021-08-18,2022-08-18,2021-08-03,5181.6
194,268,58,sale,closed,1687099.0,,,,2024-06-12,42177.48
195,269,62,sale,closed,1470626.0,,,,2021-10-03,36765.65
196,271,8,rental,closed,,9627.2,2022-03-13,2024-03-12,2022-03-03,9627.2
197,273,10,rental,pending,,,,,,
198,274,52,sale,closed,1890013.0,,,,2024-03-06,56700.39
199,275,28,sale,closed,1308399.0,,,,2022-04-27,32709.98
200,276,66,sale,pending,,,,,,
201,278,29,rental,closed,,12699.24,2022-09-25,2023-09-25,2022-09-03,12699.24
202,279,19,rental,pending,,,,,,
203,280,7,rental,closed,,5830.87,2022-11-08,2023-11-08,2022-10-18,2915.43
204,281,27,sale,pending,,,,,,
205,282,48,rental,closed,,12502.52,2021-07-15,2022-07-15,2021-07-01,12502.52
206,283,53,sale,closed,1227131.0,,,,2024-03-22,30678.28
207,284,2,rental,closed,,6198.53,2022-10-09,2024-10-08,2022-09-28,6198.53
208,285,23,rental,closed,,6440.17,2022-07-21,2023-07-21,2022-06-23,3220.09
209,286,14,sale,pending,,,,,,
210,287,71,rental,closed,,5603.17,2023-06-09,2024-06-08,2023-05-16,4202.38
211,288,35,sale,pending,,,,,,
212,290,12,sale,closed,1093641.0,,,,2023-10-26,32809.23
213,291,25,sale,closed,802801.0,,,,2023-10-01,20070.03
214,292,40,sale,closed,1556578.0,,,,2022-01-28,31131.56
215,295,18,rental,closed,,6122.06,2023-10-01,2024-09-30,2023-09-04,3061.03
216,296,50,sale,closed,1987057.0,,,,2021-05-19,39741.14
217,297,17,rental,closed,,11569.98,2021-03-24,2022-03-24,2021-02-26,5784.99
218,298,2,sale,closed,1256266.0,,,,2021-12-16,31406.65
219,299,14,sale,pending,,,,,,
220,300,26,sale,closed,2931821.0,,,,2023-01-03,58636.42
221,302,35,sale,closed,438182.0,,,,2022-04-19,10954.55
222,303,14,sale,closed,820582.0,,,,2021-10-09,24617.46
223,304,19,rental,closed,,5515.32,2021-12-22,2022-12-22,2021-12-01,4136.49
224,305,50,sale,closed,1689392.0,,,,2022-08-10,33787.84
225,307,46,rental,closed,,11289.9,2021-11-19,2023-11-19,2021-11-12,8467.42
226,308,6,rental,closed,,6680.97,2023-01-04,2024-01-04,2022-12-24,5010.73
227,309,43,sale,pending,,,,,,
228,310,39,rental,pending,,,,,,
229,311,35,sale,closed,2069839.0,,,,2022-09-24,41396.78
230,312,1,sale,closed,1232942.0,,,,2023-03-04,36988.26
231,314,62,rental,pending,,,,,,
232,318,32,sale,pending,,,,,,
233,319,64,sale,closed,829614.0,,,,2024-07-03,20740.35
234,320,54,sale,pending,,,,,,
235,321,31,sale,pending,,,,,,
236,322,47,rental,closed,,18972.89,2022-03-27,2024-03-26,2022-03-15,18972.89
237,323,45,sale,closed,484895.0,,,,2021-11-03,9697.9
238,329,21,rental,closed,,15754.43,2021-12-17,2022-12-17,2021-11-18,15754.43
239,331,61,rental,closed,,4251.41,2023-08-02,2024-08-01,2023-07-06,3188.56
240,332,61,sale,closed,2435358.0,,,,2024-03-20,60883.95
241,333,37,rental,closed,,4570.96,2022-12-20,2023-12-20,2022-12-13,2285.48
242,338,28,rental,closed,,15668.48,2024-02-06,2026-02-05,2024-01-24,15668.48
243,339,72,rental,closed,,11923.52,2021-07-18,2022-07-18,2021-06-29,8942.64
244,341,49,sale,pending,,,,,,
245,342,25,sale,pending,,,,,,
246,343,43,rental,closed,,6066.86,2022-02-03,2023-02-03,2022-01-21,6066.86
247,346,5,sale,pending,,,,,,
248,347,6,sale,closed,1082919.0,,,,2021-12-03,32487.57
249,348,12,sale,closed,1564709.0,,,,2023-12-25,46941.27
250,349,51,sale,closed,956702.0,,,,2021-04-18,28701.06
251,350,17,sale,closed,1956537.0,,,,2023-01-24,48913.43
252,351,65,sale,pending,,,,,,
253,352,62,sale,closed,1217958.0,,,,2022-02-27,30448.95
254,353,60,sale,closed,1116950.0,,,,2021-05-13,22339.0
255,355,65,rental,closed,,8570.59,2024-11-09,2025-11-09,2024-10-30,4285.3
256,356,58,sale,closed,740790.0,,,,2024-09-13,14815.8
257,357,56,sale,closed,2161392.0,,,,2023-05-22,54034.8
258,358,10,sale,closed,1675530.0,,,,2023-08-26,33510.6
259,360,71,sale,closed,1701395.0,,,,2021-05-08,51041.85
260,361,41,sale,closed,2287237.0,,,,2021-11-09,45744.74
261,363,59,rental,closed,,4732.74,2023-03-14,2024-03-13,2023-02-26,3549.55
262,365,63,rental,closed,,7408.01,2022-04-25,2023-04-25,2022-03-27,7408.01
263,366,17,sale,closed,2139665.0,,,,2023-02-03,64189.95
264,369,8,sale,pending,,,,,,
265,370,2,sale,closed,1951552.0,,,,2022-10-25,58546.56
266,371,21,rental,pending,,,,,,
267,374,56,sale,closed,1277141.0,,,,2021-12-07,25542.82
268,376,61,rental,pending,,,,,,
269,380,55,sale,closed,1668885.0,,,,2022-04-06,41722.12
270,381,9,rental,closed,,6115.39,2024-10-08,2026-10-08,2024-09-17,6115.39
271,385,45,sale,pending,,,,,,
272,386,21,rental,pending,,,,,,
273,387,50,rental,closed,,8693.23,2023-12-20,2024-12-19,2023-11-25,4346.61
274,388,26,sale,closed,2788873.0,,,,2024-08-11,55777.46
275,389,41,sale,closed,1097465.0,,,,2024-07-08,27436.62
276,390,41,sale,closed,1768213.0,,,,2023-12-21,35364.26
277,391,1,rental,pending,,,,,,
278,393,70,sale,pending,,,,,,
279,394,27,rental,closed,,8867.49,2024-09-16,2025-09-16,2024-08-30,6650.62
280,395,47,sale,closed,1526255.0,,,,2024-07-17,38156.38
281,396,64,sale,closed,1131904.0,,,,2022-11-09,28297.6
282,397,46,sale,closed,1203789.0,,,,2023-11-08,24075.78
283,398,15,sale,closed,982267.0,,,,2023-09-03,19645.34
284,400,49,rental,pending,,,,,,
285,401,13,rental,closed,,5529.08,2023-12-19,2024-12-18,2023-12-08,5529.08
286,402,53,rental,closed,,7617.61,2021-09-07,2022-09-07,2021-08-23,3808.8
287,403,57,sale,closed,1772780.0,,,,2024-08-13,53183.4
288,404,28,sale,closed,3079071.0,,,,2021-07-11,61581.42
289,405,26,rental,closed,,16443.62,2023-09-26,2025-09-25,2023-09-06,12332.72
290,406,60,sale,pending,,,,,,
291,407,1,rental,closed,,12550.93,2024-12-31,2025-12-31,2024-12-10,6275.47
292,408,34,rental,closed,,11472.36,2022-07-15,2023-07-15,2022-06-29,5736.18
293,411,41,rental,closed,,4261.82,2024-05-26,2026-05-26,2024-05-18,3196.36
294,412,72,rental,closed,,11682.7,2024-06-28,2025-06-28,2024-06-04,5841.35
295,413,7,rental,closed,,7808.78,2022-06-10,2023-06-10,2022-05-28,7808.78
296,414,50,sale,closed,1235881.0,,,,2024-09-25,37076.43
297,415,67,rental,closed,,6179.98,2022-04-25,2023-04-25,2022-03-31,3089.99
298,417,34,rental,closed,,13647.23,2024-12-06,2025-12-06,2024-11-12,6823.61
299,418,12,sale,closed,1201491.0,,,,2022-01-31,36044.73
300,419,20,rental,closed,,7273.1,2023-12-19,2024-12-18,2023-12-01,7273.1
301,420,49,sale,closed,1596013.0,,,,2024-02-26,39900.33
302,422,25,sale,closed,2001778.0,,,,2024-12-01,60053.34
303,424,3,sale,closed,471818.0,,,,2022-09-10,11795.45
304,425,59,sale,closed,1460165.0,,,,2024-05-17,29203.3
305,426,34,rental,closed,,7775.76,2021-12-31,2023-12-31,2021-12-08,3887.88
306,427,27,rental,closed,,7053.13,2021-11-04,2022-11-04,2021-10-28,3526.57
307,430,21,rental,closed,,9408.85,2023-02-25,2025-02-24,2023-02-15,9408.85
308,431,5,sale,closed,1206208.0,,,,2021-07-03,36186.24
309,433,25,rental,closed,,12534.27,2024-02-02,2026-02-01,2024-01-23,9400.7
310,434,20,sale,closed,1235802.0,,,,2024-05-31,37074.06
311,435,4,rental,closed,,4907.72,2023-04-24,2025-04-23,2023-04-01,4907.72
312,436,17,sale,pending,,,,,,
313,437,45,sale,closed,996379.0,,,,2023-10-25,29891.37
314,438,64,sale,pending,,,,,,
315,440,40,sale,closed,796267.0,,,,2022-09-12,23888.01
316,446,46,rental,closed,,13364.75,2025-02-03,2026-02-03,2025-01-14,13364.75
317,447,55,rental,closed,,6177.35,2021-12-16,2022-12-16,2021-12-01,4633.01
318,450,28,sale,closed,1955550.0,,,,2023-01-25,58666.5
319,453,10,sale,pending,,,,,,
320,454,41,sale,closed,1936409.0,,,,2024-12-23,38728.18
321,460,6,sale,pending,,,,,,
322,461,54,rental,closed,,3948.59,2021-04-09,2022-04-09,2021-03-17,2961.44
323,462,52,rental,closed,,15722.81,2022-11-11,2023-11-11,2022-10-31,11792.11
324,463,51,sale,closed,2247873.0,,,,2022-11-03,67436.19
325,465,7,rental,pending,,,,,,
326,466,56,sale,closed,952006.0,,,,2022-01-20,23800.15
327,467,48,rental,pending,,,,,,
328,468,34,rental,closed,,4285.65,2024-02-29,2026-02-28,2024-02-06,2142.82
329,469,39,rental,pending,,,,,,
330,470,35,sale,closed,1347869.0,,,,2023-03-01,26957.38
331,473,62,sale,closed,960426.0,,,,2024-05-18,28812.78
332,474,62,sale,pending,,,,,,
333,475,46,sale,closed,961982.0,,,,2022-08-03,24049.55
334,476,10,sale,closed,1882144.0,,,,2022-07-21,56464.32
335,477,2,sale,pending,,,,,,
336,481,29,rental,closed,,7177.81,2024-01-13,2025-01-12,2023-12-21,7177.81
337,482,66,rental,closed,,7482.18,2023-09-14,2025-09-13,2023-08-24,3741.09
338,483,36,sale,pending,,,,,,
339,484,14,rental,closed,,8008.28,2023-04-01,2024-03-31,2023-03-06,8008.28
340,486,61,rental,closed,,10307.87,2023-09-22,2025-09-21,2023-08-27,10307.87
341,487,16,sale,pending,,,,,,
342,488,20,sale,closed,862495.0,,,,2021-09-02,25874.85
343,489,57,sale,closed,757741.0,,,,2023-07-03,15154.82
344,490,49,rental,pending,,,,,,
345,492,67,sale,closed,1575863.0,,,,2022-12-11,31517.26
346,493,15,rental,pending,,,,,,
347,494,35,sale,closed,1278459.0,,,,2021-10-01,38353.77
348,495,52,rental,closed,,2735.79,2024-04-03,2025-04-03,2024-03-10,1367.89
349,496,64,sale,closed,817520.0,,,,2021-10-21,24525.6
350,497,37,rental,pending,,,,,,
351,499,40,rental,pending,,,,,,
352,500,22,rental,closed,,7306.63,2022-06-15,2024-06-14,2022-06-08,5479.97
353,505,38,sale,pending,,,,,,
354,506,19,sale,pending,,,,,,
355,507,58,rental,closed,,7288.0,2021-11-15,2022-11-15,2021-11-04,5466.0
356,508,63,sale,closed,2932911.0,,,,2023-03-13,73322.78
357,509,39,sale,closed,1624770.0,,,,2023-11-14,48743.1
358,510,62,sale,pending,,,,,,
359,511,19,sale,closed,1609275.0,,,,2023-12-23,32185.5
360,512,46,rental,closed,,8732.59,2022-06-07,2023-06-07,2022-05-21,8732.59
361,513,47,sale,closed,1672011.0,,,,2022-09-21,33440.22
362,515,70,rental,pending,,,,,,
363,517,54,sale,closed,597004.0,,,,2023-04-13,11940.08
364,518,67,sale,closed,1139729.0,,,,2022-08-17,28493.23
365,519,45,sale,closed,1294866.0,,,,2024-10-20,32371.65
366,520,19,rental,pending,,,,,,
367,521,38,sale,pending,,,,,,
368,523,6,sale,pending,,,,,,
369,524,40,rental,closed,,10912.76,2024-10-05,2025-10-05,2024-09-19,10912.76
370,525,7,sale,closed,1837761.0,,,,2023-01-10,45944.03
371,526,72,sale,closed,1130897.0,,,,2023-05-14,33926.91
372,527,26,sale,closed,794146.0,,,,2021-08-19,19853.65
373,528,61,rental,closed,,8619.5,2021-08-01,2022-08-01,2021-07-11,6464.62
374,529,55,sale,closed,1737214.0,,,,2022-09-18,52116.42
375,531,18,sale,closed,1707460.0,,,,2023-09-20,51223.8
376,532,54,rental,pending,,,,,,
377,533,60,sale,closed,1250801.0,,,,2022-12-12,25016.02
378,534,56,sale,pending,,,,,,
379,535,41,sale,pending,,,,,,
380,536,55,rental,pending,,,,,,
381,537,4,sale,closed,985058.0,,,,2023-09-29,24626.45
382,538,39,sale,closed,1219371.0,,,,2023-07-05,24387.42
383,539,70,sale,closed,993058.0,,,,2024-05-23,24826.45
384,540,17,rental,closed,,4352.07,2023-01-02,2024-01-02,2022-12-20,4352.07
385,541,67,rental,pending,,,,,,
386,542,14,sale,closed,543202.0,,,,2021-07-18,10864.04
387,544,66,rental,closed,,8918.68,2021-11-17,2022-11-17,2021-10-19,8918.68
388,545,19,rental,closed,,10559.85,2021-09-30,2022-09-30,2021-09-16,10559.85
389,546,20,rental,pending,,,,,,
390,547,63,rental,closed,,6893.95,2022-10-29,2024-10-28,2022-10-18,3446.97
391,552,34,sale,closed,1386075.0,,,,2022-06-18,41582.25
392,553,16,sale,closed,2610185.0,,,,2023-12-11,52203.7
393,554,19,sale,pending,,,,,,
394,555,26,sale,closed,617770.0,,,,2022-10-12,18533.1
395,556,64,rental,closed,,5753.26,2022-10-18,2023-10-18,2022-09-29,4314.94
396,557,60,sale,closed,1105583.0,,,,2022-09-01,27639.58
397,558,59,sale,closed,719002.0,,,,2023-08-19,21570.06
398,560,46,sale,pending,,,,,,
399,561,36,rental,closed,,15693.17,2024-01-21,2025-01-20,2023-12-30,15693.17
400,562,65,sale,pending,,,,,,
401,563,9,rental,pending,,,,,,
402,564,44,rental,closed,,14755.14,2022-04-27,2024-04-26,2022-04-18,14755.14
403,565,51,rental,closed,,7306.65,2022-02-02,2023-02-02,2022-01-17,3653.32
404,566,61,rental,pending,,,,,,
405,568,45,rental,closed,,9980.83,2023-04-18,2025-04-17,2023-04-10,9980.83
406,569,21,rental,closed,,10015.47,2023-05-23,2024-05-22,2023-05-02,5007.73
407,570,42,sale,closed,1765837.0,,,,2021-12-23,52975.11
408,571,50,sale,closed,1463826.0,,,,2022-07-01,43914.78
409,572,33,rental,closed,,11647.86,2023-06-20,2024-06-19,2023-06-13,8735.9
410,574,14,rental,closed,,11006.17,2021-07-10,2022-07-10,2021-06-10,11006.17
411,576,37,sale,pending,,,,,,
412,577,25,rental,closed,,5609.81,2022-05-13,2023-05-13,2022-04-30,4207.36
413,580,10,rental,pending,,,,,,
414,581,25,sale,pending,,,,,,
415,583,9,sale,closed,1312290.0,,,,2024-08-12,26245.8
416,586,70,sale,closed,1459128.0,,,,2024-04-07,36478.2
417,589,67,sale,closed,629356.0,,,,2021-08-21,12587.12
418,590,8,rental,pending,,,,,,
419,591,4,sale,closed,1475765.0,,,,2021-11-09,29515.3
420,592,43,sale,pending,,,,,,
421,593,71,rental,pending,,,,,,
422,594,31,sale,closed,988112.0,,,,2022-12-10,19762.24
423,595,5,rental,pending,,,,,,
424,597,6,rental,closed,,9319.9,2023-12-20,2024-12-19,2023-12-04,6989.92
425,598,45,sale,pending,,,,,,
426,599,30,rental,pending,,,,,,
427,600,69,rental,closed,,11719.81,2021-07-17,2022-07-17,2021-07-01,8789.86
428,601,3,rental,pending,,,,,,
429,602,49,sale,pending,,,,,,
430,607,2,sale,pending,,,,,,
431,608,8,rental,closed,,8362.37,2022-07-14,2023-07-14,2022-07-03,4181.19
432,609,41,rental,pending,,,,,,
433,610,51,rental,closed,,5179.57,2022-07-18,2024-07-17,2022-07-06,2589.78
434,611,33,sale,closed,2614592.0,,,,2021-10-15,65364.8
435,612,29,sale,closed,1201406.0,,,,2022-06-15,24028.12
436,613,38,sale,closed,1108615.0,,,,2023-02-18,22172.3
437,615,45,sale,closed,2199653.0,,,,2024-02-14,65989.59
438,619,57,rental,closed,,7020.14,2022-01-19,2023-01-19,2022-01-04,7020.14
439,620,64,sale,closed,1868940.0,,,,2023-08-11,37378.8
440,622,50,sale,closed,788043.0,,,,2021-12-14,19701.08
441,623,29,sale,closed,1607273.0,,,,2023-03-24,32145.46
442,624,7,sale,closed,3203871.0,,,,2022-06-16,96116.13
443,626,34,sale,closed,1043246.0,,,,2024-09-12,26081.15
444,627,44,rental,closed,,8573.89,2024-05-29,2025-05-29,2024-05-20,6430.42
445,628,55,rental,pending,,,,,,
446,630,60,sale,closed,1981734.0,,,,2023-01-13,49543.35
447,631,34,sale,pending,,,,,,
448,632,17,rental,closed,,4481.76,2023-06-03,2024-06-02,2023-05-09,3361.32
449,635,35,rental,closed,,5319.37,2021-07-29,2022-07-29,2021-07-09,5319.37
450,637,23,rental,closed,,7766.71,2024-06-11,2025-06-11,2024-06-03,7766.71
451,639,28,rental,closed,,8214.79,2023-06-23,2024-06-22,2023-06-14,4107.4
452,640,71,sale,closed,1039742.0,,,,2024-06-28,20794.84
453,641,36,sale,closed,1765075.0,,,,2021-08-04,44126.88
454,642,23,sale,closed,1746057.0,,,,2024-04-07,52381.71
455,643,15,sale,closed,1959600.0,,,,2024-09-04,58788.0
456,644,57,sale,pending,,,,,,
457,646,46,rental,closed,,8287.9,2022-07-28,2023-07-28,2022-07-07,6215.92
458,647,45,rental,pending,,,,,,
459,648,10,rental,closed,,6946.35,2024-04-26,2026-04-26,2024-04-01,3473.18
460,649,10,sale,closed,1278565.0,,,,2023-03-03,31964.12
461,651,48,sale,pending,,,,,,
462,652,48,sale,closed,781491.0,,,,2022-10-24,15629.82
463,654,66,sale,pending,,,,,,
464,655,28,sale,closed,1603603.0,,,,2024-02-21,40090.08
465,656,49,rental,closed,,3413.89,2024-06-14,2025-06-14,2024-06-03,2560.42
466,658,71,rental,closed,,3499.97,2022-09-28,2023-09-28,2022-09-17,2624.98
467,659,7,rental,closed,,15269.58,2024-06-19,2025-06-19,2024-06-10,11452.18
468,661,43,sale,closed,845457.0,,,,2024-06-12,16909.14
469,662,15,sale,closed,1061159.0,,,,2023-04-20,21223.18
470,663,47,sale,closed,861573.0,,,,2023-10-31,17231.46
471,665,30,sale,closed,1207016.0,,,,2024-09-26,24140.32
472,666,32,rental,pending,,,,,,
473,667,34,rental,closed,,8384.88,2023-06-26,2024-06-25,2023-06-07,8384.88
474,668,53,sale,closed,1679108.0,,,,2023-01-08,33582.16
475,669,26,sale,pending,,,,,,
476,670,16,sale,pending,,,,,,
477,672,22,rental,closed,,3870.07,2021-05-01,2022-05-01,2021-04-04,2902.55
478,673,50,sale,closed,1173890.0,,,,2022-03-01,23477.8
479,674,72,rental,pending,,,,,,
480,675,14,sale,closed,1413255.0,,,,2022-12-06,35331.38
481,679,59,sale,closed,1115589.0,,,,2021-05-08,27889.73
482,680,36,sale,closed,493208.0,,,,2023-12-03,12330.2
483,681,44,rental,closed,,5351.61,2021-12-21,2022-12-21,2021-12-09,5351.61
484,682,66,sale,closed,1244116.0,,,,2024-05-11,24882.32
485,684,27,sale,pending,,,,,,
486,685,41,sale,pending,,,,,,
487,686,36,sale,closed,967715.0,,,,2022-11-06,24192.88
488,688,19,rental,closed,,8008.98,2021-11-28,2023-11-28,2021-11-03,8008.98
489,689,4,rental,closed,,14418.6,2024-04-20,2025-04-20,2024-04-06,10813.95
490,691,48,sale,closed,1237216.0,,,,2022-02-28,24744.32
491,692,67,sale,closed,1566744.0,,,,2024-07-24,39168.6
492,693,16,rental,closed,,6756.31,2023-09-22,2024-09-21,2023-09-03,5067.23
493,694,12,sale,pending,,,,,,
494,695,46,rental,closed,,9191.12,2022-09-30,2023-09-30,2022-09-10,6893.34
495,696,21,sale,closed,2358104.0,,,,2022-07-11,58952.6
496,697,66,sale,pending,,,,,,
497,699,72,rental,pending,,,,,,
498,700,2,sale,closed,660756.0,,,,2025-01-02,16518.9
499,701,26,rental,closed,,13073.3,2024-07-15,2026-07-15,2024-06-28,6536.65
500,702,24,rental,pending,,,,,,
501,703,12,sale,pending,,,,,,
502,704,9,rental,pending,,,,,,
503,705,5,rental,closed,,7141.44,2024-09-05,2025-09-05,2024-08-07,5356.08
504,706,31,rental,pending,,,,,,
505,708,51,rental,closed,,8706.88,2024-07-28,2026-07-28,2024-07-16,6530.16
506,709,29,sale,closed,2021468.0,,,,2024-02-29,60644.04
507,711,15,sale,closed,628895.0,,,,2023-03-04,12577.9
508,712,51,rental,closed,,4959.4,2023-10-14,2025-10-13,2023-09-27,4959.4
509,713,53,rental,closed,,4606.04,2024-02-18,2025-02-17,2024-02-08,4606.04
510,715,34,sale,closed,2284966.0,,,,2023-07-27,68548.98
511,716,55,sale,closed,2499895.0,,,,2024-04-08,74996.85
512,717,44,sale,closed,927179.0,,,,2021-07-05,23179.48
513,718,29,sale,closed,911509.0,,,,2021-12-05,22787.73
514,719,15,rental,closed,,12765.46,2022-07-03,2023-07-03,2022-06-04,6382.73
515,721,49,sale,closed,1961588.0,,,,2021-03-05,49039.7
516,722,71,sale,closed,1680196.0,,,,2022-01-07,33603.92
517,724,30,sale,closed,1897616.0,,,,2022-01-25,47440.4
518,725,43,rental,pending,,,,,,
519,727,14,sale,closed,1600441.0,,,,2021-07-13,40011.03
520,729,5,rental,closed,,13804.23,2024-10-16,2025-10-16,2024-10-06,10353.17
521,731,11,rental,closed,,5881.21,2022-01-12,2023-01-12,2021-12-22,2940.61
522,733,13,rental,closed,,8175.56,2024-04-10,2026-04-10,2024-03-11,8175.56
523,734,40,rental,pending,,,,,,
524,737,53,sale,pending,,,,,,
525,738,65,sale,closed,1885486.0,,,,2024-02-18,47137.15
526,739,48,sale,closed,1031617.0,,,,2021-06-03,25790.43
527,740,4,sale,closed,824556.0,,,,2022-03-07,24736.68
528,741,14,sale,closed,2870685.0,,,,2022-09-08,71767.12
529,742,11,sale,pending,,,,,,
530,743,63,sale,pending,,,,,,
531,744,61,sale,pending,,,,,,
532,747,53,sale,pending,,,,,,
533,748,72,rental,pending,,,,,,
534,749,42,sale,closed,1143877.0,,,,2024-04-10,22877.54
535,750,14,sale,closed,1143127.0,,,,2024-10-08,34293.81
536,751,21,sale,closed,1356577.0,,,,2021-06-29,40697.31
537,752,15,sale,closed,1271491.0,,,,2021-12-27,25429.82
538,753,68,rental,pending,,,,,,
539,754,38,rental,closed,,5329.22,2024-03-14,2025-03-14,2024-02-15,3996.91
540,755,67,rental,closed,,9871.7,2022-12-06,2024-12-05,2022-11-21,4935.85
541,756,19,rental,closed,,9185.77,2023-06-13,2024-06-12,2023-05-15,4592.89
542,757,48,rental,pending,,,,,,
543,759,2,rental,closed,,12809.25,2022-03-01,2023-03-01,2022-02-21,9606.94
544,760,1,sale,closed,1914684.0,,,,2022-06-01,38293.68
545,762,60,rental,pending,,,,,,
546,763,29,rental,closed,,10291.7,2021-11-21,2022-11-21,2021-10-25,5145.85
547,765,48,sale,closed,1625054.0,,,,2023-08-27,32501.08
548,769,43,sale,closed,2217897.0,,,,2024-03-31,66536.91
549,772,61,sale,closed,1466999.0,,,,2024-08-12,29339.98
550,774,61,sale,pending,,,,,,
551,775,31,sale,pending,,,,,,
552,776,46,sale,closed,727745.0,,,,2023-07-01,14554.9
553,777,28,rental,closed,,6313.4,2024-01-22,2025-01-21,2024-01-13,3156.7
554,778,56,sale,closed,1077056.0,,,,2024-09-05,32311.68
555,779,33,sale,pending,,,,,,
556,782,25,sale,pending,,,,,,
557,783,26,rental,closed,,18127.07,2022-02-01,2023-02-01,2022-01-22,9063.53
558,784,40,rental,pending,,,,,,
559,785,65,sale,pending,,,,,,
560,786,62,rental,closed,,3914.76,2024-09-08,2025-09-08,2024-08-23,3914.76
561,787,4,rental,closed,,7750.56,2022-07-28,2024-07-27,2022-07-05,7750.56
562,788,59,sale,closed,1267033.0,,,,2023-05-20,38010.99
563,789,70,sale,pending,,,,,,
564,791,11,rental,closed,,10887.38,2022-02-27,2024-02-27,2022-02-18,5443.69
565,795,47,rental,closed,,5942.22,2022-06-17,2023-06-17,2022-05-30,4456.66
566,797,35,sale,pending,,,,,,
567,800,12,rental,closed,,7991.92,2024-01-17,2025-01-16,2024-01-08,7991.92
568,801,24,rental,closed,,7780.7,2023-10-15,2024-10-14,2023-09-17,3890.35
569,803,59,sale,closed,479501.0,,,,2021-05-15,14385.03
570,804,40,sale,pending,,,,,,
571,806,18,rental,closed,,8223.01,2025-03-10,2026-03-10,2025-03-01,4111.51
572,809,46,rental,pending,,,,,,
573,810,67,rental,pending,,,,,,
574,812,69,rental,pending,,,,,,
575,813,37,sale,pending,,,,,,
576,815,60,sale,pending,,,,,,
577,816,24,sale,closed,2348787.0,,,,2022-02-20,70463.61
578,817,49,rental,closed,,3615.45,2023-12-13,2024-12-12,2023-12-06,3615.45
579,819,43,rental,closed,,8346.04,2021-06-14,2023-06-14,2021-06-05,6259.53
580,821,3,rental,pending,,,,,,
581,822,56,rental,closed,,16598.71,2024-12-24,2025-12-24,2024-11-28,16598.71
582,823,48,rental,closed,,6011.54,2023-11-26,2024-11-25,2023-11-18,4508.65
583,824,6,rental,closed,,5956.07,2024-08-09,2025-08-09,2024-07-12,2978.03
584,825,14,rental,closed,,7555.36,2022-10-01,2023-10-01,2022-09-19,7555.36
585,828,18,sale,closed,2801580.0,,,,2024-05-21,70039.5
586,829,7,sale,pending,,,,,,
587,831,59,rental,pending,,,,,,
588,833,56,sale,closed,731253.0,,,,2021-08-23,21937.59
589,834,48,sale,closed,703923.0,,,,2022-04-22,14078.46
590,835,61,sale,pending,,,,,,
591,839,55,sale,pending,,,,,,
592,840,4,sale,closed,670210.0,,,,2024-05-21,13404.2
593,841,31,sale,pending,,,,,,
594,843,64,sale,pending,,,,,,
595,844,12,rental,pending,,,,,,
596,845,37,rental,closed,,6527.03,2024-11-16,2025-11-16,2024-10-27,3263.51
597,847,67,rental,closed,,6856.9,2023-10-08,2024-10-07,2023-09-10,3428.45
598,848,13,sale,closed,1218012.0,,,,2024-05-12,24360.24
599,849,21,rental,closed,,8906.43,2023-05-15,2024-05-14,2023-04-30,6679.82
600,850,2,rental,closed,,8660.64,2024-03-22,2026-03-22,2024-02-25,8660.64
601,852,58,rental,closed,,7260.56,2022-08-08,2024-08-07,2022-07-31,7260.56
602,853,47,sale,closed,1700512.0,,,,2024-01-29,34010.24
603,854,50,sale,closed,1824222.0,,,,2024-09-04,36484.44
604,855,34,rental,closed,,11510.37,2021-10-16,2022-10-16,2021-09-25,5755.19
605,856,56,sale,closed,2106354.0,,,,2022-08-02,42127.08
606,857,63,rental,pending,,,,,,
607,860,3,rental,closed,,10620.97,2022-05-30,2023-05-30,2022-05-06,10620.97
608,862,32,sale,closed,1136264.0,,,,2023-07-17,34087.92
609,863,64,sale,closed,2010244.0,,,,2024-02-25,40204.88
610,864,32,sale,closed,2037046.0,,,,2024-10-07,40740.92
611,866,13,sale,pending,,,,,,
612,868,33,sale,pending,,,,,,
613,869,15,sale,closed,979011.0,,,,2021-10-18,29370.33
614,870,66,sale,closed,851935.0,,,,2022-07-06,25558.05
615,871,48,sale,closed,662156.0,,,,2022-06-14,19864.68
616,872,36,sale,closed,668894.0,,,,2023-01-04,13377.88
617,875,36,rental,closed,,14277.73,2021-04-24,2023-04-24,2021-03-31,14277.73
618,877,29,sale,closed,709860.0,,,,2022-07-16,17746.5
619,878,59,sale,pending,,,,,,
620,881,27,rental,closed,,11826.87,2023-12-20,2025-12-19,2023-11-22,11826.87
621,883,63,rental,pending,,,,,,
622,884,68,rental,pending,,,,,,
623,885,60,rental,closed,,15566.32,2023-01-08,2024-01-08,2023-01-01,11674.74
624,886,46,rental,closed,,15493.84,2024-01-10,2026-01-09,2023-12-23,15493.84
625,889,49,rental,closed,,5771.33,2023-04-15,2024-04-14,2023-03-31,5771.33
626,890,28,sale,closed,742933.0,,,,2023-08-02,22287.99
627,891,52,sale,closed,1103458.0,,,,2024-05-11,27586.45
628,892,36,rental,closed,,7845.35,2025-01-25,2026-01-25,2025-01-01,3922.68
629,893,41,sale,pending,,,,,,
630,894,64,sale,closed,1534013.0,,,,2024-04-26,30680.26
631,895,21,sale,closed,1509571.0,,,,2022-12-21,30191.42
632,896,69,rental,closed,,9040.47,2023-03-23,2024-03-22,2023-03-14,6780.35
633,899,18,sale,closed,1471278.0,,,,2024-10-10,44138.34
634,900,3,sale,closed,1749597.0,,,,2025-03-01,52487.91
635,903,59,rental,closed,,10926.96,2022-04-26,2024-04-25,2022-03-31,5463.48
636,904,42,rental,closed,,9050.85,2022-09-13,2023-09-13,2022-08-28,6788.14
637,905,60,sale,closed,1841820.0,,,,2021-07-22,36836.4
638,907,43,sale,closed,1723765.0,,,,2023-09-18,34475.3
639,908,1,rental,closed,,10793.57,2024-01-14,2025-01-13,2023-12-22,5396.78
640,910,69,rental,closed,,17547.61,2021-09-02,2022-09-02,2021-08-17,17547.61
641,911,4,sale,closed,865659.0,,,,2024-10-29,21641.48
642,912,51,sale,pending,,,,,,
643,913,57,sale,closed,2641649.0,,,,2021-08-18,79249.47
644,914,15,sale,closed,2411596.0,,,,2022-01-01,60289.9
645,917,63,rental,pending,,,,,,
646,918,57,rental,pending,,,,,,
647,920,4,rental,closed,,3517.72,2022-01-26,2023-01-26,2022-01-13,3517.72
648,922,61,rental,closed,,7818.24,2022-03-11,2023-03-11,2022-02-25,5863.68
649,924,30,sale,closed,1833690.0,,,,2022-11-13,36673.8
650,925,2,sale,closed,1781457.0,,,,2022-05-04,44536.43
651,926,52,sale,closed,1726893.0,,,,2023-04-23,34537.86
652,928,22,sale,closed,423918.0,,,,2022-10-25,8478.36
653,929,49,rental,pending,,,,,,
654,930,27,sale,closed,1025401.0,,,,2021-08-18,25635.03
655,931,26,rental,closed,,5734.26,2022-09-29,2023-09-29,2022-09-10,5734.26
656,932,2,rental,pending,,,,,,
657,933,47,sale,closed,1418272.0,,,,2024-02-17,28365.44
658,936,32,rental,closed,,5651.44,2021-10-18,2022-10-18,2021-09-23,5651.44
659,939,9,rental,pending,,,,,,
660,940,8,sale,pending,,,,,,
661,942,41,sale,closed,1354283.0,,,,2024-02-05,27085.66
662,943,57,rental,closed,,6294.45,2021-07-30,2022-07-30,2021-07-16,6294.45
663,946,25,sale,closed,2117020.0,,,,2021-12-26,42340.4
664,948,35,rental,closed,,12734.48,2022-12-15,2023-12-15,2022-11-18,9550.86
665,949,66,sale,closed,763233.0,,,,2022-05-18,19080.83
666,951,40,rental,closed,,5390.71,2022-12-20,2024-12-19,2022-12-11,5390.71
667,952,24,rental,pending,,,,,,
668,953,66,sale,pending,,,,,,
669,954,56,sale,pending,,,,,,
670,958,27,sale,closed,819366.0,,,,2024-03-26,20484.15
671,960,42,sale,closed,2459748.0,,,,2022-05-17,49194.96
672,964,1,rental,closed,,4812.93,2023-10-20,2025-10-19,2023-09-23,3609.7
673,966,3,rental,closed,,13602.56,2022-01-26,2023-01-26,2022-01-10,10201.92
674,968,49,rental,closed,,5634.11,2023-06-25,2024-06-24,2023-06-11,2817.05
675,969,65,rental,closed,,5386.61,2024-05-22,2025-05-22,2024-05-04,5386.61
676,970,21,rental,closed,,4818.64,2024-11-18,2025-11-18,2024-10-21,3613.98
677,971,61,rental,closed,,7367.51,2024-03-14,2025-03-14,2024-02-26,5525.63
678,972,50,sale,pending,,,,,,
679,973,49,rental,closed,,6733.17,2024-03-23,2026-03-23,2024-03-16,3366.59
680,974,69,rental,closed,,7770.18,2024-08-07,2026-08-07,2024-07-16,3885.09
681,975,18,sale,pending,,,,,,
682,976,20,rental,closed,,4204.37,2021-10-16,2022-10-16,2021-10-02,4204.37
683,977,72,rental,closed,,9521.4,2024-07-21,2025-07-21,2024-06-30,7141.05
684,978,34,sale,closed,1440024.0,,,,2025-02-24,28800.48
685,979,9,rental,closed,,13891.83,2022-11-09,2023-11-09,2022-10-12,6945.91
686,981,28,rental,closed,,8989.65,2023-06-02,2024-06-01,2023-05-22,8989.65
687,982,47,sale,pending,,,,,,
688,986,65,sale,closed,2221036.0,,,,2024-03-30,55525.9
689,987,37,rental,closed,,8074.23,2023-04-06,2024-04-05,2023-03-24,4037.11
690,988,10,sale,pending,,,,,,
691,989,21,sale,closed,1207287.0,,,,2024-07-21,36218.61
692,990,25,sale,closed,1178422.0,,,,2025-01-16,35352.66
693,992,10,rental,closed,,6257.26,2024-09-12,2025-09-12,2024-08-23,6257.26
694,993,56,rental,closed,,7767.33,2024-09-06,2025-09-06,2024-08-24,5825.5
695,994,50,sale,closed,1285273.0,,,,2025-01-12,38558.19
696,995,20,sale,pending,,,,,,
697,996,69,sale,closed,1621786.0,,,,2022-07-12,40544.65
698,997,46,sale,closed,1293803.0,,,,2022-07-30,25876.06
699,998,25,rental,closed,,9013.85,2023-05-04,2024-05-03,2023-04-16,9013.85
700,999,13,sale,pending,,,,,,
